Price,Close,High,Low,Open,Volume
Ticker,TECOM.AE,TECOM.AE,TECOM.AE,TECOM.AE,TECOM.AE
Date,,,,,
2022-07-06,2.016592264175415,2.016592264175415,1.9409699290623155,2.016592264175415,11942689
2022-07-07,1.9577748775482178,2.0502021329014757,1.9157625798105724,2.0502021329014757,9150127
2022-07-10,1.9577748775482178,1.9577748775482178,1.9577748775482178,1.9577748775482178,0
2022-07-11,1.9577748775482178,1.9577748775482178,1.9577748775482178,1.9577748775482178,0
2022-07-12,1.9829822778701782,1.9997873974793996,1.957774898952006,1.9661773585913969,4295247
2022-07-13,1.9745798110961914,1.9913847303142531,1.9409699726600682,1.9913847303142531,3464752
2022-07-14,1.9577748775482178,1.974579796643276,1.9325674989056305,1.9325674989056305,2217658
2022-07-18,1.9325677156448364,1.957775097114454,1.9157627946650913,1.9325677156448364,1778356
2022-07-19,1.9577748775482178,2.00818983516383,1.9241650393581016,1.9325674989056305,9143792
2022-07-20,1.9661773443222046,1.9829822634790273,1.9409699655869705,1.9577748847437932,6500165
2022-07-21,1.924164891242981,1.9577747268459362,1.9157624323422422,1.9493722679451975,4065092
2022-07-25,1.9577748775482178,1.974579796643276,1.9241650393581016,1.9241650393581016,2136798
2022-07-26,1.9577748775482178,1.966177337095747,1.9409699584531597,1.9409699584531597,1058438
2022-07-27,1.9661773443222046,1.974579803900616,1.9325675060085592,1.9409699655869705,1864592
2022-07-28,1.9745798110961914,1.9745798110961914,1.9325675130510374,1.9661773514871606,2673211
2022-08-01,2.0081896781921387,2.0081896781921387,1.974579642298739,1.974579642298739,2391621
2022-08-02,1.991384506225586,2.024994541210042,1.982982047562076,2.0165920825465324,3702950
2022-08-03,2.016592264175415,2.033397183016007,1.982982226163796,1.9913846855840922,3886956
2022-08-04,2.0249948501586914,2.0249948501586914,1.9913848100464315,2.0165923902132383,1250429
2022-08-08,2.0081896781921387,2.0249945959736277,1.9661771834079946,1.9997872193013944,1236030
2022-08-09,2.050201892852783,2.075409268543955,1.9913844825763014,1.9913844825763014,3768547
2022-08-10,2.067007064819336,2.0754095244189905,2.033397226420719,2.033397226420719,670417
2022-08-11,2.050201892852783,2.067006809980231,2.0165920585978876,2.041799434289059,2054433
2022-08-15,2.041799545288086,2.041799545288086,1.991384590834603,1.991384590834603,579608
2022-08-16,2.0081896781921387,2.033397054864372,1.9997872193013944,2.033397054864372,423596
2022-08-17,2.0333971977233887,2.041799657204459,2.0081898192801777,2.016592278761248,1304080
2022-08-18,2.0081896781921387,2.016592137082883,1.9913845600802278,2.016592137082883,638066
2022-08-22,1.9997872114181519,2.0165921291333953,1.9997872114181519,2.0081896702757733,41619
2022-08-23,2.0081896781921387,2.016592137082883,1.9913845600802278,1.9913845600802278,133762
2022-08-24,2.0333971977233887,2.0333971977233887,1.9913846999876008,1.9913846999876008,569050
2022-08-25,2.0333971977233887,2.041799657204459,1.9997873597991072,1.9997873597991072,841170
2022-08-29,2.016592264175415,2.0417996424363034,1.9913846855840922,2.008189804755119,875318
2022-08-30,2.041799545288086,2.0670069223496146,1.9997872501855378,1.9997872501855378,2504795
2022-08-31,2.041799545288086,2.058604463329105,2.0249946272470667,2.0249946272470667,345564
2022-09-01,2.016592264175415,2.0417996424363034,1.999787345334823,2.033397183016007,571650
2022-09-05,1.991384506225586,2.0081896238830224,1.982982047562076,2.0081896238830224,596057
2022-09-06,1.9745798110961914,2.0081898498627537,1.9325675130510374,1.9745798110961914,2023861
2022-09-07,1.9745798110961914,2.0081898498627537,1.9661773514871606,1.9745798110961914,286204
2022-09-08,1.991384506225586,1.9997871652195125,1.9745795888985662,1.9745795888985662,1600644
2022-09-12,1.9829822778701782,2.0081898571187904,1.9745798182307874,1.991384737509569,626647
2022-09-13,2.016592264175415,2.033397183016007,1.982982226163796,1.982982226163796,1688791
2022-09-14,2.016592264175415,2.0249947235957113,1.982982226163796,1.982982226163796,470568
2022-09-15,1.991384506225586,2.0165920825465324,1.9745795888985662,2.0165920825465324,2941905
2022-09-19,1.9661773443222046,1.9913847230574386,1.9577748847437932,1.9913847230574386,337460
2022-09-20,1.9829822778701782,2.016592316758181,1.9745798182307874,1.9745798182307874,451834
2022-09-21,1.991384506225586,1.9997871652195125,1.9745795888985662,1.991384506225586,207101
2022-09-22,1.9577748775482178,1.999787375616301,1.9577748775482178,1.982982256190805,1529250
2022-09-26,1.9661773443222046,1.9829822634790273,1.9325675060085592,1.9325675060085592,555759
2022-09-27,1.9829822778701782,1.991384737509569,1.957774898952006,1.9661773585913969,492899
2022-09-28,1.9325677156448364,1.9745800180941993,1.9241652551549637,1.957775097114454,2158813
2022-09-29,1.9325677156448364,1.957775097114454,1.9325677156448364,1.957775097114454,552356
2022-10-03,1.8905552625656128,1.9409700214880559,1.8821528027452057,1.9157626420268343,1636532
2022-10-04,1.9157625436782837,1.9745797594016639,1.8821527061220666,1.8905551655111208,1408172
2022-10-05,1.8989574909210205,1.9325673261059275,1.8989574909210207,1.9157624085134741,1365572
2022-10-06,1.9157625436782837,1.9325674624563924,1.8989576249001752,1.9325674624563924,447776
2022-10-10,1.8821526765823364,1.9241649728682395,1.8821526765823364,1.8989575950966975,862184
2022-10-11,1.9157625436782837,1.9157625436782837,1.8569453279549037,1.8569453279549037,869082
2022-10-12,1.949372410774231,1.9745797893233727,1.9157625727087086,1.9409699512578504,1356381
2022-10-13,1.9325677156448364,1.9745800180941993,1.9241652551549637,1.9493726366245816,978938
2022-10-17,1.9577748775482178,1.982982256190805,1.9409699584531597,1.9577748775482178,457211
2022-10-18,1.9661773443222046,1.9997873829662884,1.949372425165382,1.9997873829662884,245699
2022-10-19,1.9073598384857178,1.9577745883230404,1.9073598384857176,1.9493721300168199,1299630
2022-10-20,1.9157625436782837,1.9409699218454466,1.8737502467330123,1.9409699218454466,1562840
2022-10-24,1.9157625436782837,1.9409699218454466,1.8989576249001752,1.924165003067338,842917
2022-10-25,1.8989574909210205,1.924164867309701,1.890555032124794,1.9157624085134741,2865270
2022-10-26,1.9073598384857178,1.9409696717105995,1.8989573801794972,1.915762296791938,722175
2022-10-27,1.9157625436782837,1.9409699218454466,1.8989576249001752,1.9157625436782837,799387
2022-10-31,1.9409700632095337,1.9409700632095337,1.9073602232054558,1.9073602232054558,2042115
2022-11-01,1.9409700632095337,1.9409700632095337,1.9241651432074949,1.9241651432074949,1824372
2022-11-02,1.9325677156448364,1.940970176134709,1.9157627946650913,1.9157627946650913,2392346
2022-11-03,1.9325677156448364,1.940970176134709,1.9325677156448364,1.9325677156448364,161487
2022-11-07,1.9157625436782837,1.949372381234501,1.9157625436782837,1.9409699218454466,1067547
2022-11-08,1.924164891242981,1.9325673501437197,1.8989575145407647,1.9073599734415034,964038
2022-11-09,1.9073598384857178,1.932567213404379,1.8989573801794972,1.9073598384857176,435205
2022-11-10,1.8989574909210205,1.924164867309701,1.8989574909210207,1.9157624085134741,802217
2022-11-14,1.9325677156448364,1.982982478584072,1.9241652551549637,1.982982478584072,897953
2022-11-15,1.9325677156448364,1.982982478584072,1.9157627946650913,1.982982478584072,224171
2022-11-16,1.9661773443222046,1.974579803900616,1.9409699655869705,1.949372425165382,1416428
2022-11-17,1.9577748775482178,1.982982256190805,1.9157625798105724,1.982982256190805,1915808
2022-11-21,1.9409700632095337,1.9577749832115727,1.9241651432074949,1.9577749832115727,169663
2022-11-22,1.9157625436782837,1.9577748406235551,1.9073600842892295,1.949372381234501,1824302
2022-11-23,1.9243148565292358,1.949972363480697,1.8986573495777748,1.8986573495777748,1353837
2022-11-24,1.9414201974868774,1.9499727012856303,1.9328676936881246,1.9499727012856303,467504
2022-11-28,1.967077374458313,1.9756298768030462,1.9499723697688465,1.9756298768030462,250785
2022-11-29,1.967077374458313,1.9756298768030462,1.9585248721135797,1.967077374458313,2286650
2022-11-30,1.967077374458313,1.967077374458313,1.9499723697688465,1.967077374458313,1285350
2022-12-01,1.967077374458313,1.967077374458313,1.967077374458313,1.967077374458313,0
2022-12-05,1.9585250616073608,1.9756300679517935,1.8986575394018472,1.8986575394018472,975200
2022-12-06,1.967077374458313,1.9756298768030462,1.9414198674241132,1.9414198674241132,1124829
2022-12-07,1.9585250616073608,1.9670775647795773,1.9328675520907121,1.9670775647795773,2096733
2022-12-08,1.967077374458313,1.9756298768030462,1.9414198674241132,1.9414198674241132,1186106
2022-12-12,1.8815526962280273,1.9756302392809288,1.864447688400227,1.9414202236253282,4688352
2022-12-13,1.8986575603485107,1.9328675734147927,1.8986575603485107,1.9157625668816516,468799
2022-12-14,1.9157625436782837,1.9243150468412678,1.8901050341893313,1.9072100405152994,1415219
2022-12-15,1.855894923210144,1.9157624421791892,1.8387899177904168,1.898657436759462,2957519
2022-12-19,1.907209873199463,1.9243148780248422,1.8986573707867733,1.8986573707867733,413752
2022-12-20,1.907209873199463,1.9157623756121525,1.8901048683740838,1.9157623756121525,524678
2022-12-21,1.9157625436782837,1.9328675500042518,1.8901050341893313,1.8901050341893313,1028875
2022-12-22,1.9157625436782837,1.9157625436782837,1.9072100405152994,1.9157625436782837,492407
2022-12-26,1.9157625436782837,1.9157625436782837,1.9157625436782837,1.9157625436782837,0
2022-12-27,1.9157625436782837,1.9157625436782837,1.9157625436782837,1.9157625436782837,0
2022-12-28,1.9157625436782837,1.9157625436782837,1.9157625436782837,1.9157625436782837,0
2022-12-29,1.9157625436782837,1.9157625436782837,1.9157625436782837,1.9157625436782837,0
2023-01-02,1.9157625436782837,1.9157625436782837,1.9157625436782837,1.9157625436782837,0
2023-01-03,1.9157625436782837,1.9157625436782837,1.9157625436782837,1.9157625436782837,0
2023-01-04,1.9157625436782837,1.9157625436782837,1.9157625436782837,1.9157625436782837,0
2023-01-05,1.9499727487564087,1.9585252527633665,1.9157627327285773,1.9157627327285773,303820
2023-01-09,1.9499727487564087,1.9670777567703244,1.932867740742493,1.9670777567703244,128943
2023-01-10,1.9157625436782837,1.9841825689821568,1.9157625436782837,1.9328675500042518,2651066
2023-01-11,1.907209873199463,1.9243148780248422,1.8901048683740838,1.9157623756121525,2189597
2023-01-12,1.8815526962280273,1.924315215797528,1.8815526962280273,1.9157627118836278,359526
2023-01-16,1.8986575603485107,1.9243150701482221,1.8815525538153697,1.8901050570819402,237636
2023-01-17,1.9927352666854858,1.9927352666854858,1.9157627307042018,1.9157627307042018,1302498
2023-01-18,2.026945114135742,2.0354978213302806,1.9328675779812077,1.9328675779812077,337525
2023-01-19,2.0098400115966797,2.0269450173535044,1.992735005839855,2.0012875087182675,518633
2023-01-23,2.0012876987457275,2.0012876987457275,1.9670776839837485,1.9756301876742433,140692
2023-01-24,2.018392562866211,2.018392562866211,2.0098400597827517,2.0098400597827517,520526
2023-01-25,2.0012876987457275,2.026945209817212,1.9756301876742433,1.9756301876742433,122363
2023-01-26,1.9927352666854858,2.0012877706834065,1.975630258689645,1.9927352666854858,329156
2023-01-30,1.9927352666854858,2.0183927786792473,1.9670777546917244,1.975630258689645,413730
2023-01-31,1.9927352666854858,2.0012877706834065,1.9328677387000426,1.9328677387000426,7378
2023-02-01,1.9499727487564087,2.0098402768051136,1.9499727487564087,1.9499727487564087,141133
2023-02-02,1.9585250616073608,2.018392583812875,1.924315048918496,1.924315048918496,41276
2023-02-06,1.967077374458313,1.9756298768030462,1.9585248721135797,1.9585248721135797,26062
2023-02-07,1.9499727487564087,1.98418276478424,1.9414202447494509,1.9756302607772822,39671
2023-02-08,2.052602767944336,2.0697077740182257,1.9328675215193512,1.941420024556296,1187311
2023-02-09,2.0098400115966797,2.1381277586806178,2.0098400115966797,2.044050227018082,1697506
2023-02-13,1.9841824769973755,1.9841824769973755,1.9414199631648836,1.9414199631648836,81008
2023-02-14,1.9927352666854858,1.9927352666854858,1.9499727466958836,1.9670777546917244,760428
2023-02-15,1.9927352666854858,2.0012877706834065,1.9841827626875654,2.0012877706834065,345245
2023-02-16,2.0098400115966797,2.0526027298964946,1.9585249943262055,1.9585249943262055,2322262
2023-02-20,2.018392562866211,2.018392562866211,2.018392562866211,2.018392562866211,0
2023-02-21,2.018392562866211,2.035497772940887,1.992735053615833,2.02694506594967,530137
2023-02-22,2.0354976654052734,2.0354976654052734,1.9670774404444908,1.9670774404444908,77105
2023-02-23,2.0354976654052734,2.069707675931791,2.0012874509710086,2.0012874509710086,1437648
2023-02-27,1.9841824769973755,2.0098399852968707,1.9670774714643788,1.9670774714643788,99859
2023-02-28,2.0354976654052734,2.0354976654052734,1.9499724351812322,1.9499724351812322,168761
2023-03-01,2.0098400115966797,2.0269450173535044,2.0012875087182675,2.0012875087182675,30754
2023-03-02,2.044050455093384,2.044050455093384,1.9670777166912958,2.044050455093384,1391444
2023-03-06,2.044050455093384,2.044050455093384,2.018392739687504,2.018392739687504,282913
2023-03-07,2.0098400115966797,2.044050227018082,2.0012875087182675,2.044050227018082,6637
2023-03-08,2.052602767944336,2.052602767944336,1.9927350427779653,1.9927350427779653,77277
2023-03-09,2.1039180755615234,2.1039180755615234,2.0440505460680853,2.0526030502814336,2350919
2023-03-13,2.026945114135742,2.026945114135742,1.9670775911283112,2.018392610848966,187279
2023-03-14,2.052602767944336,2.0868127800921155,1.9756300367040756,2.026945054925745,548155
2023-03-15,2.0697076320648193,2.1039176418662637,2.052602627164097,2.052602627164097,764706
2023-03-16,2.052602767944336,2.103917786166005,2.009840048851855,2.009840048851855,160000
2023-03-20,2.052602767944336,2.0782602770551706,2.00128754581491,2.035497761870446,1187475
2023-03-21,2.052602767944336,2.052602767944336,2.009840048851855,2.009840048851855,2686770
2023-03-22,2.0354976654052734,2.0354976654052734,2.009839953602638,2.0269449588658968,1264656
2023-03-23,2.044196367263794,2.070292674666397,2.044196367263794,2.070292674666397,21018
2023-03-27,2.0007028579711914,2.0267989578594205,1.9833054580457052,2.009401557933934,667110
2023-03-28,2.044196367263794,2.0615937672699514,2.0007028672484006,2.018100267254558,622868
2023-03-29,2.0354974269866943,2.061593523915497,2.0094013300578917,2.061593523915497,1372337
2023-03-30,2.061593770980835,2.061593770980835,2.0267989709058893,2.0267989709058893,100138
2023-04-03,2.0528948307037354,2.0789911350991592,2.0354974327023485,2.0702924360984656,127282
2023-04-04,2.0528948307037354,2.0528948307037354,2.000702636699575,2.044196131703042,597660
2023-04-05,2.044196367263794,2.052895067266873,2.009401567251479,2.009401567251479,912025
2023-04-06,2.0528948307037354,2.0528948307037354,2.0181000347009617,2.0354974327023485,79210
2023-04-10,2.131183385848999,2.131183385848999,2.0702924912228418,2.0702924912228418,882137
2023-04-11,2.131183385848999,2.131183385848999,2.087689889687458,2.087689889687458,1227355
2023-04-12,2.131183385848999,2.1398820850813074,2.1050872881520744,2.1050872881520744,1486749
2023-04-13,2.096388816833496,2.113786217189511,2.096388816833496,2.113786217189511,2530038
2023-04-17,2.0702927112579346,2.113786212042057,2.0702927112579346,2.113786212042057,61308
2023-04-18,2.0702927112579346,2.078991411414759,2.0702927112579346,2.0702927112579346,144840
2023-04-19,2.026799201965332,2.044196603986146,2.009401799944518,2.026799201965332,1388650
2023-04-20,2.026799201965332,2.026799201965332,2.026799201965332,2.026799201965332,0
2023-04-24,2.078991651535034,2.1050877550195666,2.0181005360110635,2.0181005360110635,295455
2023-04-25,2.1224849224090576,2.1224849224090576,2.0789914214157106,2.0789914214157106,4438568
2023-04-26,2.061593770980835,2.13988227854283,1.9398119707185253,2.1224848785053574,3576202
2023-04-27,2.0876901149749756,2.0876901149749756,2.070292714632965,2.0876901149749756,678148
2023-05-01,2.096388816833496,2.096388816833496,2.0702927162994738,2.0702927162994738,100753
2023-05-02,2.096388816833496,2.113786217189511,2.078991416477481,2.1050875170115035,220304
2023-05-03,2.1746771335601807,2.2181706347527097,2.0963888314136283,2.0963888314136283,7862048
2023-05-04,2.165978193283081,2.165978193283081,2.131183396185096,2.131183396185096,415424
2023-05-08,2.1746771335601807,2.192074534037192,2.0876901311751226,2.0876901311751226,1556072
2023-05-09,2.1746771335601807,2.200773234275698,2.1311836323676516,2.165978433321675,5451090
2023-05-10,2.14858078956604,2.1920742858339053,2.139882090312467,2.1920742858339053,112207
2023-05-11,2.165978193283081,2.1746768925575775,2.113785997636103,2.1485807947340883,1108885
2023-05-15,2.1572797298431396,2.1572797298431396,2.0963888282650514,2.0963888282650514,1245760
2023-05-16,2.0876901149749756,2.1311836158300017,2.0876901149749756,2.113786215487991,178739
2023-05-17,2.131183385848999,2.131183385848999,2.096388588919766,2.096388588919766,55718
2023-05-18,2.1398823261260986,2.1398823261260986,2.1137862254896063,2.1311836259139345,72971
2023-05-22,2.1050875186920166,2.12248491906192,2.1050875186920166,2.1050875186920166,45175
2023-05-23,2.044196367263794,2.105087474678712,2.044196367263794,2.105087474678712,1730436
2023-05-24,2.044196367263794,2.0876900746725546,2.0354976672607155,2.0876900746725546,104310
2023-05-25,2.026799201965332,2.052895304996553,2.009401799944518,2.052895304996553,874572
2023-05-29,2.0528948307037354,2.061593529704429,2.0181000347009617,2.061593529704429,176924
2023-05-30,2.0354974269866943,2.078991129261375,2.0354974269866943,2.0354974269866943,763440
2023-05-31,2.1050875186920166,2.1050875186920166,2.044196410003983,2.044196410003983,543328
2023-06-01,2.078991651535034,2.1050877550195666,2.0702929503735232,2.0702929503735232,265427
2023-06-05,2.131183385848999,2.131183385848999,2.087689889687458,2.087689889687458,1271442
2023-06-06,2.1050875186920166,2.1311836192468716,2.096388818507065,2.1311836192468716,673201
2023-06-07,2.131183385848999,2.131183385848999,2.0789911904551497,2.1137859873843827,1086918
2023-06-08,2.1050875186920166,2.1311836192468716,2.0789914181371616,2.1137862188769683,2039174
2023-06-12,2.1050875186920166,2.1050875186920166,2.0876901183221133,2.0876901183221133,968000
2023-06-13,2.1050875186920166,2.1137862188769683,2.07029271795221,2.0876901183221133,1399690
2023-06-14,2.113785982131958,2.1572794781854245,2.105087282921265,2.105087282921265,3649955
2023-06-15,2.131183385848999,2.131183385848999,2.087689889687458,2.087689889687458,536921
2023-06-19,2.1398823261260986,2.1485810263382628,2.1311836259139345,2.1398823261260986,930169
2023-06-20,2.1398823261260986,2.1485810263382628,2.1311836259139345,2.1398823261260986,1052895
2023-06-21,2.1398823261260986,2.1485810263382628,2.1311836259139345,2.1398823261260986,701740
2023-06-22,2.165978193283081,2.1746768925575775,2.1398820954595923,2.1398820954595923,347203
2023-06-26,2.131183385848999,2.17467688201054,2.131183385848999,2.1572794835459237,202213
2023-06-27,2.131183385848999,2.131183385848999,2.131183385848999,2.131183385848999,0
2023-06-28,2.131183385848999,2.131183385848999,2.131183385848999,2.131183385848999,0
2023-06-29,2.131183385848999,2.131183385848999,2.131183385848999,2.131183385848999,0
2023-07-03,2.1920745372772217,2.1920745372772217,2.1485810360204063,2.1833758370258587,957886
2023-07-04,2.14858078956604,2.1920742858339053,2.14858078956604,2.157279488819613,1478260
2023-07-05,2.165978193283081,2.183375591832074,2.1398820954595923,2.183375591832074,258358
2023-07-06,2.2268693447113037,2.2529654455407284,2.14858104222303,2.1659784427759794,4762027
2023-07-10,2.2094717025756836,2.235567800551772,2.192074303924958,2.2268691012264092,2607018
2023-07-11,2.2094717025756836,2.235567800551772,2.192074303924958,2.235567800551772,6607732
2023-07-12,2.218170642852783,2.2442667436635957,2.2007732423122417,2.2442667436635957,2995061
2023-07-13,2.200773000717163,2.218170399347864,2.200773000717163,2.2094717000325135,5131614
2023-07-17,2.218170642852783,2.2268693431230537,2.2007732423122417,2.2268693431230537,221909
2023-07-18,2.200773000717163,2.2268690986632143,2.200773000717163,2.2268690986632143,1590014
2023-07-19,2.200773000717163,2.218170399347864,2.174676902771112,2.218170399347864,420486
2023-07-20,2.1920745372772217,2.1920745372772217,2.1746771367744957,2.1746771367744957,71868
2023-07-24,2.200773000717163,2.2094717000325135,2.157279504140411,2.157279504140411,167634
2023-07-25,2.2094717025756836,2.2181704019010464,2.192074303924958,2.2181704019010464,79654
2023-07-26,2.1920745372772217,2.2181706380313106,2.1833758370258587,2.2181706380313106,277423
2023-07-27,2.1920745372772217,2.2094719377799477,2.1659784365231323,2.1833758370258587,3979510
2023-07-31,2.2094717025756836,2.2094717025756836,2.2007730032503208,2.2094717025756836,437231
2023-08-01,2.2094717025756836,2.2181704019010464,2.192074303924958,2.192074303924958,348301
2023-08-02,2.183375358581543,2.2094714536171796,2.1659779618911186,2.183375358581543,516600
2023-08-03,2.183375358581543,2.2181701519623918,2.183375358581543,2.183375358581543,4792927
2023-08-07,2.2268693447113037,2.2442667452642535,2.218170644434829,2.218170644434829,2411939
2023-08-08,2.2442665100097656,2.2529652093744024,2.200773013186583,2.218170411915856,2432473
2023-08-09,2.2529654502868652,2.2529654502868652,2.2355680496972656,2.2442667499920654,1634384
2023-08-10,2.3337488174438477,2.3337488174438477,2.252965278610464,2.297845022406788,2633566
2023-08-14,2.3157968521118164,2.324772800608238,2.2978449551189724,2.3157968521118164,820667
2023-08-15,2.3157968521118164,2.3337487491046605,2.2798930581261283,2.324772800608238,484213
2023-08-16,2.2709174156188965,2.306821214442354,2.2619414659130324,2.279893365324761,1152307
2023-08-17,2.2978453636169434,2.315797263801175,2.2529656131563645,2.270917513340596,329039
2023-08-21,2.2978453636169434,2.2978453636169434,2.270917513340596,2.270917513340596,161156
2023-08-22,2.351700782775879,2.3606769457974788,2.2619412925949316,2.279893190631121,754712
2023-08-23,2.396580934524536,2.396580934524536,2.3427250220831306,2.3606771355659473,1746460
2023-08-24,2.396580934524536,2.4145328340038303,2.378629035045242,2.396580934524536,2780714
2023-08-28,2.3696529865264893,2.396580834622942,2.3606770371610053,2.3876048852574576,204950
2023-08-29,2.3876047134399414,2.396580662159496,2.3517007045582257,2.3517007045582257,1260484
2023-08-30,2.3696529865264893,2.3876048852574576,2.3606770371610053,2.3876048852574576,38448
2023-08-31,2.351700782775879,2.3786288438336687,2.351700782775879,2.3786288438336687,41123
2023-09-04,2.324773073196411,2.3337490227452964,2.288869275000871,2.3337490227452964,577833
2023-09-05,2.3157968521118164,2.324772800608238,2.3157968521118164,2.324772800608238,562690
2023-09-06,2.324773073196411,2.3337490227452964,2.297845224549756,2.3157971236475263,283213
2023-09-07,2.3427248001098633,2.3427248001098633,2.324772902331512,2.3337488512206876,2893181
2023-09-11,2.3427248001098633,2.3606769118917166,2.3337488512206876,2.3427248001098633,742931
2023-09-12,2.3606770038604736,2.3606770038604736,2.2798932467071658,2.306821094423765,1375956
2023-09-13,2.3337488174438477,2.3517007149623774,2.297845022406788,2.3337488174438477,744585
2023-09-14,2.324773073196411,2.3517009218430664,2.2798933254519858,2.3337490227452964,333319
2023-09-18,2.2888691425323486,2.324772938649953,2.270917244473546,2.324772938649953,659347
2023-09-19,2.3427248001098633,2.3427248001098633,2.279893157885634,2.324772902331512,428748
2023-09-20,2.396580934524536,2.405556884264183,2.2619414744263064,2.288869323645248,1890638
2023-09-21,2.423508644104004,2.6479075886691246,2.3517008363207785,2.3876048472141465,9491786
2023-09-25,2.3876047134399414,2.432484457037713,2.333748807119117,2.4145325595986042,1712146
2023-09-26,2.378628730773926,2.378628730773926,2.306820928038794,2.369652782182471,2154636
2023-09-27,2.3696529865264893,2.4055567839884264,2.3517008737920073,2.3876048852574576,57121
2023-09-28,2.4594125747680664,2.486340423900139,2.32477311510418,2.351700964236253,5603560
2023-10-02,2.4594125747680664,2.4594125747680664,2.4594125747680664,2.4594125747680664,0
2023-10-03,2.468388319015503,2.486340216942608,2.378628829379977,2.42350857419774,2130415
2023-10-04,2.4594125747680664,2.4594125747680664,2.4145328262146117,2.4235087759253027,743652
2023-10-05,2.441460371017456,2.4594122682011252,2.3965806280582833,2.423508473833787,1741351
2023-10-09,2.4145328998565674,2.450436699794378,2.3876050499032098,2.396580999887662,1261104
2023-10-10,2.4594125747680664,2.486340423900139,2.3876049770825385,2.3876049770825385,2260338
2023-10-11,2.4594125747680664,2.4594125747680664,2.4324847256359936,2.4324847256359936,26526
2023-10-12,2.4145328998565674,2.4414607498099254,2.396580999887662,2.4145328998565674,291563
2023-10-16,2.4145328998565674,2.4145328998565674,2.2888693860707026,2.378629099918757,1644944
2023-10-17,2.3876047134399414,2.4235085083181587,2.378628764720387,2.4235085083181587,165580
2023-10-18,2.378628730773926,2.396580627956835,2.3606768335910164,2.396580627956835,396814
2023-10-19,2.1542301177978516,2.4055569292070134,2.1542301177978516,2.351701015759422,794504
2023-10-23,2.351700782775879,2.3786288438336687,2.3247729357215947,2.3786288438336687,259937
2023-10-24,2.3696529865264893,2.3786289358919737,2.333748975061039,2.3786289358919737,108692
2023-10-25,2.3606770038604736,2.3786289023382063,2.315797043662631,2.3517008406180966,2829789
2023-10-26,2.351700782775879,2.3786288438336687,2.3337488847396894,2.3786288438336687,44268
2023-10-30,2.3337488174438477,2.3606768777251412,2.306820971166053,2.3606768777251412,9791989
2023-10-31,2.3337488174438477,2.369652826484406,2.315796919925318,2.369652826484406,81056
2023-11-01,2.3337488174438477,2.3606768777251412,2.315796919925318,2.315796919925318,127181
2023-11-02,2.3157968521118164,2.3517006460975045,2.3157968521118164,2.3517006460975045,328515
2023-11-06,2.3337488174438477,2.3337488174438477,2.306820971166053,2.3337488174438477,191594
2023-11-07,2.3337488174438477,2.3517007149623774,2.3337488174438477,2.3427247662031125,367929
2023-11-08,2.351700782775879,2.351700782775879,2.3247729357215947,2.3337488847396894,512224
2023-11-09,2.3606770038604736,2.3606770038604736,2.333748942140364,2.3517008406180966,4186448
2023-11-13,2.351700782775879,2.3876047928517634,2.3337488847396894,2.3786288438336687,2014913
2023-11-14,2.3337488174438477,2.3876047240029354,2.3247728686845828,2.378628775243671,748690
2023-11-15,2.3337488174438477,2.3337488174438477,2.3337488174438477,2.3337488174438477,477803
2023-11-16,2.3337488174438477,2.3337488174438477,2.315796919925318,2.3247728686845828,49055
2023-11-20,2.3337488174438477,2.3337488174438477,2.306820971166053,2.3337488174438477,155984
2023-11-21,2.3337488174438477,2.3517007149623774,2.3247728686845828,2.3337488174438477,5279436
2023-11-22,2.378628730773926,2.378628730773926,2.3606768335910164,2.369652782182471,147394
2023-11-23,2.378628730773926,2.3876046793653805,2.3337487738131575,2.351700670996067,328465
2023-11-27,2.3696529865264893,2.3696529865264893,2.342724924426523,2.3517008737920073,1070898
2023-11-28,2.3696529865264893,2.3876048852574576,2.333748975061039,2.333748975061039,878147
2023-11-29,2.3696529865264893,2.3786289358919737,2.333748975061039,2.333748975061039,546581
2023-11-30,2.378628730773926,2.378628730773926,2.3337487738131575,2.342724722404612,4362618
2023-12-04,2.378628730773926,2.378628730773926,2.378628730773926,2.378628730773926,0
2023-12-05,2.324773073196411,2.3786289844932393,2.3157971236475263,2.3786289844932393,288030
2023-12-06,2.3337488174438477,2.3337488174438477,2.2888690736475232,2.3247728686845828,466041
2023-12-07,2.3157968521118164,2.3337487491046605,2.306820903615394,2.3337487491046605,189207
2023-12-11,2.279892921447754,2.333748609197666,2.270916973489435,2.270916973489435,2449215
2023-12-12,2.2978453636169434,2.3337491639854067,2.2888694135248278,2.2888694135248278,151643
2023-12-13,2.3427248001098633,2.351700748999039,2.2888691067748095,2.351700748999039,1346682
2023-12-14,2.486340284347534,2.567123827209557,2.33374893382687,2.33374893382687,6406321
2023-12-18,2.3876047134399414,2.4235085083181587,2.3876047134399414,2.4235085083181587,35893
2023-12-19,2.3876047134399414,2.4055566108790503,2.360676867281278,2.396580662159496,290750
2023-12-20,2.3606770038604736,2.4594124454880038,2.3606770038604736,2.4594124454880038,605581
2023-12-21,2.4055566787719727,2.4145326277448587,2.369652882880429,2.4145326277448587,64981
2023-12-25,2.423508644104004,2.423508644104004,2.3696529487692173,2.3696529487692173,406692
2023-12-26,2.423508644104004,2.4324845933264685,2.3965807964366106,2.4145326948815393,717287
2023-12-27,2.423508644104004,2.423508644104004,2.3876048472141465,2.405556745659075,1239372
2023-12-28,2.441460371017456,2.441460371017456,2.3696527822827793,2.423508473833787,977576
2024-01-01,2.468388319015503,2.468388319015503,2.468388319015503,2.468388319015503,0
2024-01-02,2.450436592102051,2.468388491282002,2.396580894562197,2.468388491282002,72821
2024-01-03,2.49531626701355,2.5042922163407977,2.4324846217228147,2.4504365203773104,1059707
2024-01-04,2.4773643016815186,2.4953161998528444,2.4504364544245303,2.4953161998528444,472224
2024-01-08,2.486340284347534,2.486340284347534,2.4773643351406425,2.486340284347534,686165
2024-01-09,2.4773643016815186,2.4953161998528444,2.4683883525958557,2.4863402507671815,977811
2024-01-10,2.486340284347534,2.4953162335544254,2.4773643351406425,2.4773643351406425,336585
2024-01-11,2.486340284347534,2.4953162335544254,2.4504364875199682,2.4953162335544254,479710
2024-01-15,2.450436592102051,2.4594125416920263,2.423508743332124,2.450436592102051,283627
2024-01-16,2.486340284347534,2.486340284347534,2.423508639899294,2.4324845891061853,134871
2024-01-17,2.450436592102051,2.450436592102051,2.4324846929220993,2.4324846929220993,141403
2024-01-18,2.450436592102051,2.450436592102051,2.423508743332124,2.450436592102051,275940
2024-01-22,2.450436592102051,2.450436592102051,2.423508743332124,2.450436592102051,267245
2024-01-23,2.468388319015503,2.468388319015503,2.42350857419774,2.42350857419774,1804340
2024-01-24,2.468388319015503,2.4773642679790555,2.4504364210883978,2.4504364210883978,1409774
2024-01-25,2.423508644104004,2.459412440993862,2.423508644104004,2.450436491771397,1776509
2024-01-29,2.4324843883514404,2.45043628528364,2.4235084398853406,2.45043628528364,46439
2024-01-30,2.423508644104004,2.468388390216326,2.423508644104004,2.4324845933264685,168109
2024-01-31,2.4145328998565674,2.477364549747736,2.396580999887662,2.4594126497788307,3240301
2024-02-01,2.4324843883514404,2.45043628528364,2.414532491419241,2.4414603368175403,1165555
2024-02-05,2.513268232345581,2.55814798017249,2.459412534953291,2.459412534953291,1163621
2024-02-06,2.5222439765930176,2.531219925427731,2.495316130088877,2.513268027758304,680077
2024-02-07,2.5222439765930176,2.5222439765930176,2.5222439765930176,2.5222439765930176,0
2024-02-08,2.55814790725708,2.55814790725708,2.513268160709388,2.540196008638003,151581
2024-02-12,2.5491719245910645,2.5491719245910645,2.51326812782272,2.5491719245910645,157216
2024-02-13,2.5491719245910645,2.5581478737831507,2.51326812782272,2.51326812782272,83803
2024-02-14,2.5491719245910645,2.5491719245910645,2.5312200262068925,2.5491719245910645,52688
2024-02-15,2.5671238899230957,2.5671238899230957,2.5312200922184185,2.5312200922184185,468892
2024-02-19,2.5671238899230957,2.5671238899230957,2.522244142792249,2.5671238899230957,257510
2024-02-20,2.5671238899230957,2.5671238899230957,2.5401960416445877,2.5671238899230957,96984
2024-02-21,2.5671238899230957,2.5671238899230957,2.5671238899230957,2.5671238899230957,0
2024-02-22,2.513268232345581,2.513268232345581,2.4414606358225273,2.4414606358225273,67780
2024-02-26,2.468388319015503,2.5042921148697133,2.468388319015503,2.5042921148697133,84394
2024-02-27,2.450436592102051,2.4594125416920263,2.405556844152173,2.4594125416920263,843650
2024-02-28,2.468388319015503,2.468388319015503,2.315796972631605,2.4504364210883978,4162140
2024-02-29,2.3606770038604736,2.4773643439657365,2.3606770038604736,2.4683883947268703,18460
2024-03-04,2.4145328998565674,2.495316449716641,2.4145328998565674,2.468388599763283,837956
2024-03-05,2.4324843883514404,2.477364130681939,2.4235084398853406,2.4235084398853406,87975
2024-03-06,2.49531626701355,2.49531626701355,2.4324846217228147,2.4324846217228147,2292298
2024-03-07,2.468388319015503,2.4773642679790555,2.468388319015503,2.468388319015503,420050
2024-03-11,2.4594125747680664,2.4953163736108306,2.4504366250573755,2.4504366250573755,759810
2024-03-12,2.513268232345581,2.513268232345581,2.450436585387909,2.4683884845186723,384883
2024-03-13,2.540987968444824,2.540987968444824,2.4947882312599177,2.5132681261338803,824911
2024-03-14,2.5687079429626465,2.577947890875192,2.5040283075748304,2.5040283075748304,2261668
2024-03-18,2.5871877670288086,2.5871877670288086,2.559467924060018,2.5871877670288086,1546594
2024-03-19,2.5594680309295654,2.587187875055787,2.5502280828874917,2.5502280828874917,556304
2024-03-20,2.5871877670288086,2.5871877670288086,2.540988028747491,2.540988028747491,798663
2024-03-21,2.5594680309295654,2.587187875055787,2.5317481868033442,2.587187875055787,106320
2024-03-25,2.5687079429626465,2.5687079429626465,2.531748151312466,2.559467995050101,66806
2024-03-26,2.5502278804779053,2.568707775095318,2.5409879331691987,2.568707775095318,91972
2024-03-27,2.5502278804779053,2.568707775095318,2.5502278804779053,2.5502278804779053,2855329
2024-03-28,2.540987968444824,2.559467863318787,2.540987968444824,2.559467863318787,106379
2024-04-01,2.540987968444824,2.540987968444824,2.540987968444824,2.540987968444824,0
2024-04-02,2.531748056411743,2.531748056411743,2.4763083710145883,2.4763083710145883,121798
2024-04-03,2.531748056411743,2.531748056411743,2.5040282137131658,2.531748056411743,105736
2024-04-04,2.4763083457946777,2.494788240738855,2.4301086084342356,2.494788240738855,594253
2024-04-15,2.494788408279419,2.494788408279419,2.448588667816377,2.448588667816377,89090
2024-04-16,2.494788408279419,2.494788408279419,2.4670685640015937,2.4855484601868105,143298
2024-04-17,2.494788408279419,2.522508252557244,2.4578286159089853,2.494788408279419,504877
2024-04-18,2.5502278804779053,2.568707775095318,2.4947881966256666,2.4947881966256666,15085511
2024-04-22,2.5687079429626465,2.5687079429626465,2.5040283075748304,2.5040283075748304,56543
2024-04-23,2.5779476165771484,2.5779476165771484,2.5040280411419564,2.5779476165771484,77885
2024-04-24,2.513268232345581,2.568707919310372,2.504028284518116,2.504028284518116,400778
2024-04-25,2.504028081893921,2.550227817292796,2.494788134814146,2.494788134814146,367224
2024-04-29,2.485548257827759,2.504028152508449,2.457828415806724,2.476308310487414,158163
2024-04-30,2.5502278804779053,2.5594678277866114,2.48554824931696,2.48554824931696,3061229
2024-05-01,2.504028081893921,2.550227817292796,2.504028081893921,2.550227817292796,366384
2024-05-02,2.540987968444824,2.540987968444824,2.5132681261338803,2.531748021007843,80150
2024-05-06,2.540987968444824,2.5502279158818055,2.4855482838229364,2.540987968444824,1996371
2024-05-07,2.522508382797241,2.5409882799365966,2.522508382797241,2.5317483313669187,56378
2024-05-08,2.531748056411743,2.5502279515441284,2.5132681612793584,2.5502279515441284,60467
2024-05-09,2.531748056411743,2.531748056411743,2.5132681612793584,2.531748056411743,1545010
2024-05-13,2.522508382797241,2.522508382797241,2.4947885370882084,2.4947885370882084,51427
2024-05-14,2.504028081893921,2.513268028973696,2.439348452335495,2.513268028973696,869721
2024-05-15,2.522508382797241,2.5317483313669187,2.4947885370882084,2.4947885370882084,2322925
2024-05-16,2.504028081893921,2.559467764372571,2.504028081893921,2.540987870213021,1697041
2024-05-20,2.540987968444824,2.540987968444824,2.4947882312599177,2.531748021007843,124010
2024-05-21,2.5502278804779053,2.5502278804779053,2.5409879331691987,2.5409879331691987,14906
2024-05-22,2.531748056411743,2.540988003977936,2.5132681612793584,2.5132681612793584,40925
2024-05-23,2.531748056411743,2.5502279515441284,2.531748056411743,2.5502279515441284,410034
2024-05-27,2.5871877670288086,2.5871877670288086,2.504028238122437,2.504028238122437,455064
2024-05-28,2.531748056411743,2.5871877418088984,2.522508108845551,2.577947794242706,92003
2024-05-29,2.5779476165771484,2.5871875635065473,2.5409878288595524,2.5409878288595524,218526
2024-05-30,2.540987968444824,2.5871877056297308,2.531748021007843,2.5779477581927495,3462923
2024-06-03,2.5871877670288086,2.633387505310126,2.5502279764037543,2.6056676623413355,370385
2024-06-04,2.6056675910949707,2.633387433305822,2.5871876962877365,2.5871876962877365,1401791
2024-06-05,2.6056675910949707,2.624147485902205,2.5779477488841196,2.6056675910949707,552132
2024-06-06,2.5964279174804688,2.605667865858423,2.5409882272127406,2.5409882272127406,976628
2024-06-10,2.5964279174804688,2.605667865858423,2.5687080723466047,2.5687080723466047,1376659
2024-06-11,2.5871877670288086,2.5964277146850723,2.5687078717162817,2.5964277146850723,436069
2024-06-12,2.5779476165771484,2.5779476165771484,2.5594677227183507,2.5687076696477495,36068
2024-06-13,2.5871877670288086,2.5871877670288086,2.559467924060018,2.5871877670288086,426075
2024-06-20,2.494788408279419,2.5871878892055036,2.494788408279419,2.540988148742461,294186
2024-06-24,2.494788408279419,2.5502280968350695,2.494788408279419,2.5040283563720274,212108
2024-06-25,2.504028081893921,2.550227817292796,2.4855481877343704,2.494788134814146,280757
2024-06-26,2.485548257827759,2.522508047189139,2.485548257827759,2.522508047189139,159043
2024-06-27,2.4485883712768555,2.5040280531184105,2.4485883712768555,2.5040280531184105,372999
2024-07-01,2.411628484725952,2.4670683896615775,2.365428747527701,2.4485884947822774,1959190
2024-07-02,2.4301085472106934,2.5040281251250898,2.4301085472106934,2.4485884416892927,3051979
2024-07-03,2.4301085472106934,2.5040281251250898,2.4301085472106934,2.4485884416892927,3051979
2024-07-04,2.4670684337615967,2.4855483289712343,2.439348590947141,2.4855483289712343,2328987
2024-07-08,2.4578285217285156,2.476308417205609,2.4485885739899684,2.476308417205609,30216
2024-07-09,2.4670684337615967,2.4763083813664157,2.4670684337615967,2.4670684337615967,3771
2024-07-10,2.494788408279419,2.494788408279419,2.448588667816377,2.4670685640015937,55811
2024-07-11,2.504028081893921,2.513268028973696,2.494788134814146,2.494788134814146,79996
2024-07-15,2.522508382797241,2.5317483313669187,2.4947885370882084,2.4947885370882084,3898111
2024-07-16,2.485548257827759,2.494788205168104,2.485548257827759,2.485548257827759,316148
2024-07-17,2.494788408279419,2.494788408279419,2.4855484601868105,2.494788408279419,403111
2024-07-18,2.504028081893921,2.513268028973696,2.504028081893921,2.504028081893921,1309925
2024-07-22,2.504028081893921,2.531747923133246,2.494788134814146,2.494788134814146,20285
2024-07-23,2.5594680309295654,2.5594680309295654,2.5040283426771226,2.5040283426771226,88946
2024-07-24,2.5964279174804688,2.5964279174804688,2.55946812396865,2.55946812396865,124731
2024-07-25,2.513268232345581,2.5964277627927674,2.513268232345581,2.568707919310372,330469
2024-07-29,2.531748056411743,2.559467899110321,2.5040282137131658,2.5040282137131658,27226
2024-07-30,2.5871877670288086,2.6056676623413355,2.540988028747491,2.540988028747491,309343
2024-07-31,2.531748056411743,2.5871877418088984,2.531748056411743,2.5871877418088984,189160
2024-08-01,2.5687079429626465,2.596427786700282,2.531748151312466,2.5687079429626465,187169
2024-08-05,2.540987968444824,2.5871877056297308,2.531748021007843,2.5871877056297308,869942
2024-08-06,2.5871877670288086,2.5871877670288086,2.559467924060018,2.559467924060018,1080328
2024-08-07,2.5964279174804688,2.605667865858423,2.5225083304568314,2.587187969102514,156946
2024-08-08,2.642627716064453,2.642627716064453,2.596427973183523,2.614907870335895,537492
2024-08-12,2.6331217288970947,2.661639265747862,2.61411003766325,2.61411003766325,606040
2024-08-13,2.6616392135620117,2.6616392135620117,2.633121677270378,2.652133368131467,278226
2024-08-14,2.718674421310425,2.718674421310425,2.6331218081820795,2.6331218081820795,675939
2024-08-15,2.6901566982269287,2.737686151104747,2.652133317234456,2.718674233971283,562255
2024-08-19,2.7091684341430664,2.737686197002756,2.642627516290664,2.642627516290664,143570
2024-08-20,2.7091684341430664,2.728180124958038,2.7091684341430664,2.7091684341430664,463655
2024-08-21,2.7091684341430664,2.7186742795505525,2.690156743328094,2.7091684341430664,226466
2024-08-22,2.804227113723755,2.842250495338358,2.7186742784536664,2.7186742784536664,919362
2024-08-26,2.8707680702209473,2.8897797612843523,2.8232388425624353,2.8232388425624353,929788
2024-08-27,2.9563207626342773,3.022861909853228,2.8327447672682453,2.8517564588630195,1308553
2024-08-28,2.9848382472991943,3.041873316745347,2.9373087961235136,2.9468146410312057,1211982
2024-08-29,2.9278030395507812,3.013355872938451,2.9182971943562874,3.0038500277439577,725103
2024-09-02,2.946814775466919,2.975332538128215,2.918297239442853,2.96582646614963,121529
2024-09-03,2.946814775466919,2.9563206208082744,2.9373089301255635,2.9563206208082744,157104
2024-09-04,2.9373090267181396,2.9563207180260447,2.89928564410233,2.9087914897562825,236386
2024-09-05,2.9658265113830566,2.975332583506624,2.92780312943772,2.9468148204103883,265640
2024-09-09,2.9373090267181396,2.946814872372092,2.9373090267181396,2.9373090267181396,40226
2024-09-10,2.889779806137085,2.9373090345333055,2.889779806137085,2.9373090345333055,231317
2024-09-11,2.946814775466919,2.946814775466919,2.889779703418787,2.899285548760142,281153
2024-09-12,2.8992855548858643,2.9278030909701833,2.889779709524425,2.8992855548858643,11930
2024-09-16,2.9563207626342773,2.9658266084316645,2.927803225242116,2.927803225242116,586091
2024-09-17,2.9278030395507812,2.965826420328756,2.9278030395507812,2.9563205751342623,390010
2024-09-18,2.9278030395507812,2.9278030395507812,2.908791349161794,2.908791349161794,361018
2024-09-19,2.975332736968994,2.9848385829456228,2.9087915884953475,2.9087915884953475,1202757
2024-09-23,2.975332736968994,3.022861966852138,2.96582666435512,3.022861966852138,107823
2024-09-24,3.0513792037963867,3.1369318091472045,2.975332443484549,2.975332443484549,2763992
2024-09-25,2.9943442344665527,3.07989684270034,2.9848383891072428,3.0608851519817204,469791
2024-09-26,3.0418736934661865,3.0703912317210174,3.0323678473812428,3.0418736934661865,358467
2024-09-30,3.0513792037963867,3.089402583952306,3.032367513718427,3.089402583952306,63252
2024-10-01,3.089402675628662,3.089402675628662,2.9943442224180563,3.022861758381238,593716
2024-10-02,3.003849983215332,3.0894025886975562,2.9943441381617513,2.9943441381617513,222997
2024-10-03,3.032367706298828,3.0608852432268665,2.9943443237281104,3.0608852432268665,135282
2024-10-07,3.0133559703826904,3.0133559703826904,3.0133559703826904,3.0133559703826904,0
2024-10-08,2.9943442344665527,3.0608851519817204,2.9468147810327734,2.9468147810327734,679174
2024-10-09,3.022861957550049,3.0418736494448027,2.984838573760541,2.984838573760541,87812
2024-10-10,3.032367706298828,3.032367706298828,2.9943443237281104,2.9943443237281104,57543
2024-10-14,3.0418736934661865,3.1274263082306795,3.0323678473812428,3.1274263082306795,97626
2024-10-15,3.0418736934661865,3.089402923890905,3.0323678473812428,3.0418736934661865,193034
2024-10-16,3.0418736934661865,3.0418736934661865,3.0418736934661865,3.0418736934661865,0
2024-10-17,3.0133559703826904,3.0894027343977983,3.0133559703826904,3.0894027343977983,80463
2024-10-21,3.0418736934661865,3.0418736934661865,3.0228620012962995,3.0323678473812428,96934
2024-10-22,3.0513792037963867,3.0989084289912854,3.003849978601488,3.0228616686794476,439196
2024-10-23,3.0703909397125244,3.0989084752552047,3.0228617138080573,3.0513792493507377,506624
2024-10-24,3.0513792037963867,3.089402583952306,3.041873358757407,3.089402583952306,270021
2024-10-28,3.032367706298828,3.0798969345122256,3.022861860656149,3.0798969345122256,54352
2024-10-29,3.0513792037963867,3.0703908938743463,3.032367513718427,3.032367513718427,125631
2024-10-30,3.0513792037963867,3.0513792037963867,3.032367513718427,3.041873358757407,181433
2024-10-31,3.0418736934661865,3.0703912317210174,3.0418736934661865,3.060885385636074,149630
2024-11-04,2.9943442344665527,3.0608851519817204,2.9943442344665527,3.0608851519817204,197349
2024-11-05,2.9658265113830566,3.0418735019109633,2.9658265113830566,3.0418735019109633,642392
2024-11-06,2.9658265113830566,2.9658265113830566,2.9658265113830566,2.9658265113830566,0
2024-11-07,2.9943442344665527,3.0323676159037913,2.9848383891072428,2.9848383891072428,2137320
2024-11-11,3.022861957550049,3.0323678034974257,3.003850265655295,3.003850265655295,63460
2024-11-12,2.9658265113830566,3.032367656424629,2.9658265113830566,3.022861810938295,768901
2024-11-13,2.975332736968994,3.013356120875509,2.96582666435512,2.96582666435512,88336
2024-11-14,2.9658265113830566,3.0038501199656267,2.9563206658967225,2.975332583506624,375708
2024-11-18,2.975332736968994,3.0038502748988805,2.975332736968994,2.975332736968994,237676
2024-11-19,2.9658265113830566,3.0038501199656267,2.9658265113830566,2.9848384289929584,693980
2024-11-20,2.9658265113830566,3.0038501199656267,2.9658265113830566,2.9848384289929584,693980
2024-11-21,2.9943442344665527,3.022861770544482,2.975332543747933,3.0038500798258623,3004329
2024-11-25,3.022861957550049,3.0323678034974257,2.984838573760541,3.013356111602672,2063757
2024-11-26,3.089402675628662,3.1369319022339646,3.0323676037022986,3.0323676037022986,1891540
2024-11-27,3.136931896209717,3.136931896209717,3.0608851337872744,3.1274260509069114,626825
2024-11-28,3.117920160293579,3.165449386116897,3.0989084699642517,3.136931850622906,1111103
2024-12-02,3.108414649963379,3.108414649963379,3.108414649963379,3.108414649963379,0
2024-12-03,3.108414649963379,3.108414649963379,3.108414649963379,3.108414649963379,0
2024-12-04,3.0703909397125244,3.1749552367023526,3.0513792493507377,3.1084143204360983,948139
2024-12-05,3.0418736934661865,3.1559438464855103,3.0228620012962995,3.1559438464855103,1200841
2024-12-09,2.9658265113830566,3.0608851928836316,2.9658265113830566,3.0038501199656267,1524580
2024-12-10,2.9848382472991943,3.0133557820222707,2.9468146410312057,2.9658263308465904,1024977
2024-12-11,2.9658265113830566,2.9943442744792925,2.9658265113830566,2.975332583506624,595181
2024-12-12,2.9943442344665527,2.9943442344665527,2.975332543747933,2.9848383891072428,343937
2024-12-16,2.9943442344665527,3.041873461263101,2.975332543747933,2.9848383891072428,8116122
2024-12-17,2.9943442344665527,3.0608851519817204,2.9848383891072428,3.0323676159037913,7223252
2024-12-18,2.975332736968994,3.060885350758653,2.975332736968994,3.060885350758653,3444540
2024-12-19,2.9943442344665527,3.0323676159037913,2.975332543747933,3.0323676159037913,2160755
2024-12-23,2.946814775466919,2.9848383834695706,2.946814775466919,2.975332538128215,1532347
2024-12-24,2.946814775466919,3.0133559194936366,2.946814775466919,3.0133559194936366,1035249
2024-12-25,2.9373090267181396,2.984838481625139,2.918297335410235,2.918297335410235,358771
2024-12-26,2.9848382472991943,2.9943440922068865,2.9278029512158215,2.9278029512158215,65326
2024-12-30,3.003849983215332,3.0133558282689124,2.9753324480545906,3.0133558282689124,73972
2024-12-31,2.9943442344665527,3.0323676159037913,2.9848383891072428,2.9848383891072428,396599
2025-01-02,2.9943442344665527,3.041873461263101,2.9848383891072428,3.041873461263101,4142308
2025-01-06,3.003849983215332,3.0418733634296538,3.003849983215332,3.0228616733224927,7182235
2025-01-07,3.136931896209717,3.2319905758749985,3.003850061970443,3.041873443181664,4288556
2025-01-08,3.136931896209717,3.1749552774209375,3.0608851337872744,3.08940266969569,492364
2025-01-09,3.165449619293213,3.1749554651581047,3.1369320816985367,3.1749554651581047,265090
2025-01-13,3.117920160293579,3.117920160293579,3.0894026247995883,3.0894026247995883,475935
2025-01-14,3.0989086627960205,3.1654495830892206,3.089402817039849,3.1654495830892206,385615
2025-01-15,3.089402675628662,3.1369319022339646,3.0798968303076015,3.1369319022339646,20693255
2025-01-16,3.079896926879883,3.127426154975497,3.051379390022514,3.127426154975497,257524
2025-01-20,3.022861957550049,3.0894028791816877,3.003850265655295,3.0894028791816877,285531
2025-01-21,3.0703909397125244,3.1084143204360983,3.0228617138080573,3.0228617138080573,388793
2025-01-22,3.032367706298828,3.098908625797584,2.9943443237281104,3.098908625797584,523036
2025-01-23,2.9563207626342773,3.013356064055841,2.937309071039503,3.013356064055841,2160357
2025-01-27,2.946814775466919,3.032367610176347,2.9373089301255635,3.032367610176347,1560601
2025-01-28,2.946814775466919,3.0418734555177025,2.9278030847842085,2.9563206208082744,3361167
2025-01-29,2.946814775466919,3.003850074152281,2.9373089301255635,3.003850074152281,911272
2025-01-30,2.946814775466919,2.9848383834695706,2.9278030847842085,2.9563206208082744,510830
2025-02-03,2.946814775466919,2.9563206208082744,2.9278030847842085,2.946814775466919,2040779
2025-02-04,2.889779806137085,2.956320725891794,2.8802739604578407,2.9373090345333055,4189776
2025-02-05,2.889779806137085,2.9278031888540617,2.8707681147785964,2.899285651816329,1447918
2025-02-06,2.8517563343048096,2.8897797158335834,2.842250488922616,2.861262179687003,2877430
2025-02-10,2.804227113723755,2.851756340742009,2.7947212683201044,2.851756340742009,1206305
2025-02-11,2.813732862472534,2.813732862472534,2.756697792009848,2.80422701739542,3989161
2025-02-12,2.8992855548858643,2.9563206270545024,2.7662037198257092,2.7662037198257092,994815
2025-02-13,2.8992855548858643,2.9468147816930625,2.8992855548858643,2.908791400247304,193658
2025-02-17,2.9373090267181396,2.9563207180260447,2.8802739527944254,2.9563207180260447,172915
2025-02-18,2.9563207626342773,2.9563207626342773,2.880273996255181,2.9563207626342773,911165
2025-02-19,3.032367706298828,3.1179203170829433,2.9563207145201553,2.9563207145201553,1084209
2025-02-20,2.9848382472991943,3.041873316745347,2.9848382472991943,3.041873316745347,192664
2025-02-24,2.9943442344665527,3.0038500798258623,2.965826471751393,3.0038500798258623,97650
2025-02-25,2.975332736968994,2.994344428922252,2.975332736968994,2.975332736968994,164417
2025-02-26,2.975332736968994,3.013356120875509,2.9563208183784915,2.9563208183784915,376476
2025-02-27,2.9563207626342773,3.003850218258454,2.9563207626342773,2.9753326808662925,212006
2025-03-03,2.9848382472991943,3.022861626929963,2.975332402391502,2.9943440922068865,44396
2025-03-04,2.918297290802002,2.9563206728365974,2.908791445293353,2.9563206728365974,1108255
2025-03-05,2.8707680702209473,2.927803143411162,2.8707680702209473,2.9182972978794597,377351
2025-03-06,2.813732862472534,2.87076793293522,2.813732862472534,2.87076793293522,846648
2025-03-10,2.747192144393921,2.8042272189561435,2.7186743804755698,2.794721373195773,446780
2025-03-11,2.8232388496398926,2.8327446951954247,2.709168476336271,2.7852154674177636,1279454
2025-03-12,2.9087915420532227,2.9087915420532227,2.81373308380465,2.81373308380465,251083
2025-03-13,2.9848382472991943,2.9848382472991943,2.899285416492745,2.899285416492745,702207
2025-03-17,2.946814775466919,2.96582646614963,2.8517563220533653,2.96582646614963,1602701
2025-03-18,2.8992855548858643,3.03236761658325,2.8992855548858643,3.03236761658325,983434
2025-03-19,2.918809413909912,2.948095099070514,2.899285623802844,2.918809413909912,271011
2025-03-20,2.88952374458313,2.9285713250112364,2.86023805926205,2.91880942990421,204440
2025-03-24,2.8992855548858643,2.948095028993317,2.8504760807784115,2.8602379755999023,114290
2025-03-25,2.9285712242126465,2.9480950137547097,2.88952364512852,2.88952364512852,147987
2025-03-26,2.93833327293396,2.9773808540639357,2.93833327293396,2.948095168216454,147140
2025-03-27,2.967618942260742,2.9969046279451907,2.9578570470325927,2.9871427327170412,115648
2025-03-31,3.0164284706115723,3.0164284706115723,3.0164284706115723,3.0164284706115723,0
2025-04-01,3.0164284706115723,3.0164284706115723,3.0164284706115723,3.0164284706115723,0
2025-04-02,2.967618942260742,3.0457141040859383,2.967618942260742,3.0066665231733403,1219040
2025-04-03,3.006666421890259,3.0457140014874935,2.9285712626957894,3.0457140014874935,131308
2025-04-07,2.8504762649536133,2.9480952194758823,2.7723808685938516,2.9480952194758823,3566004
2025-04-08,2.88952374458313,2.9285713250112364,2.8797618494761035,2.8797618494761035,1216408
2025-04-09,2.8992855548858643,2.909047449707355,2.8602379755999023,2.889523660064374,591499
2025-04-10,2.967618942260742,2.9871427327170412,2.909047570891845,2.909047570891845,295565
2025-04-14,2.98714280128479,2.98714280128479,2.9285714285714284,2.977380905832563,268103
2025-04-15,2.9773807525634766,2.987142647513182,2.948095067714359,2.987142647513182,31629
2025-04-16,2.957857131958008,3.0066666095001637,2.8992857589074212,2.9773809229748704,862386
2025-04-17,2.9969046115875244,3.0066665067623917,2.938333240538321,2.9676189260629227,2262123
2025-04-21,2.9480950832366943,2.977380768240007,2.93833318823559,2.977380768240007,297941
2025-04-22,2.9480950832366943,2.9480950832366943,2.9480950832366943,2.9480950832366943,0
2025-04-23,2.957857131958008,2.9871428184833015,2.9383333409411456,2.9773809229748704,430608
2025-04-24,2.957857131958008,2.967619027466439,2.9480952364495767,2.957857131958008,1186512
2025-04-28,3.006666421890259,3.006666421890259,2.967618842293024,3.006666421890259,36528
2025-04-29,2.9773807525634766,3.074999934802469,2.9773807525634766,3.0261902273120054,649725
2025-04-30,3.0457141399383545,3.055476268023359,2.9871427678799884,3.055476268023359,94596
2025-05-01,3.0164284706115723,3.0652381803390876,2.9578570982288883,3.0652381803390876,780658
2025-05-05,2.9969046115875244,3.0457140874618607,2.987142716412657,3.026190297112126,1709815
2025-05-06,3.0261902809143066,3.0457140711595394,2.9969045955464577,2.9969045955464577,1580644
2025-05-07,3.006666421890259,3.055476129128735,2.967618842293024,3.055476129128735,1890961
2025-05-08,3.0652379989624023,3.0652379989624023,2.9773807128451346,3.0066663973035803,730670
2025-05-12,3.0261902809143066,3.0652380941467103,3.0066664906690743,3.0652380941467103,399038
2025-05-13,3.0261902809143066,3.0261902809143066,3.0066664906690743,3.0164283857916905,403956
2025-05-14,3.0261902809143066,3.035952176036923,3.0066664906690743,3.0066664906690743,1234139
2025-05-15,3.006666421890259,3.0359521065881845,3.006666421890259,3.026190211688876,421860
2025-05-19,3.055476188659668,3.055476188659668,3.055476188659668,3.055476188659668,0
2025-05-20,3.0457141399383545,3.0457141399383545,2.9871427678799884,3.035952244595294,1404437
2025-05-21,3.035952091217041,3.0457139860669247,3.0164283015172733,3.0457139860669247,833434
2025-05-22,3.035952091217041,3.0457139860669247,2.996904511817506,3.0457139860669247,836722
2025-05-26,3.035952091217041,3.0457139860669247,3.0164283015172733,3.0261901963671574,459968
2025-05-27,3.0261902809143066,3.0457140711595394,3.0066664906690743,3.0457140711595394,304011
2025-05-28,3.1140475273132324,3.1335713172923425,3.016428344675746,3.026190239665301,1209234
2025-05-29,3.0945239067077637,3.1238095932793324,3.0652382201361945,3.1238095932793324,2071010
2025-06-02,3.08476185798645,3.0945237530255048,3.055476172869286,3.0945237530255048,125235
2025-06-03,3.1140475273132324,3.1140475273132324,3.0457140296444116,3.084761842344567,601447
2025-06-04,3.123809576034546,3.123809576034546,3.08476199415468,3.1140476805645796,192735
2025-06-05,3.123809576034546,3.123809576034546,3.123809576034546,3.123809576034546,0
2025-06-09,3.123809576034546,3.123809576034546,3.08476199415468,3.123809576034546,121656
2025-06-10,3.1140475273132324,3.1238094223027875,3.0945237373341223,3.1238094223027875,292421
2025-06-11,3.075000047683716,3.1238095242240087,3.075000047683716,3.11404762891595,412080
2025-06-12,3.0164284706115723,3.0750000757362015,3.0066665752144583,3.0750000757362015,1354337
2025-06-16,3.035952091217041,3.0457139860669247,2.9285712478683195,2.938333142718203,1297456
2025-06-17,2.9773807525634766,2.996904542462888,2.9773807525634766,2.996904542462888,284960
2025-06-18,2.9969046115875244,2.9969046115875244,2.9676189260629227,2.9969046115875244,399280
2025-06-19,2.98714280128479,3.0164284876414706,2.9578571149281094,2.98714280128479,337786
2025-06-23,3.0457141399383545,3.0457141399383545,2.9969046632230496,2.9969046632230496,206491
2025-06-24,3.104285717010498,3.104285717010498,3.0652381359870358,3.0750000312429013,918426
2025-06-25,3.104285717010498,3.104285717010498,3.0652381359870358,3.0750000312429013,918426
2025-06-26,3.0945239067077637,3.1140476977554763,3.075000115660051,3.1140476977554763,536336
2025-06-30,3.1433331966400146,3.1726188814629483,3.0945237219351256,3.0945237219351256,1573304
2025-07-01,3.1921427249908447,3.2409522005160074,3.1726189347807794,3.1726189347807794,1299353
2025-07-02,3.1823809146881104,3.2214284961487585,3.162857123957786,3.1921428100532725,1925417
2025-07-03,3.1823809146881104,3.2116666007835963,3.1335714378623,3.1433333332274622,214753
2025-07-07,3.172618865966797,3.201904550646689,3.153095076180202,3.172618865966797,247586
2025-07-08,3.1628570556640625,3.1921427411272,3.1530951605096833,3.1921427411272,446692
2025-07-09,3.201904535293579,3.201904535293579,3.162856955907622,3.162856955907622,1626065
2025-07-10,3.1823809146881104,3.2116666007835963,3.172619019322948,3.172619019322948,2443795
2025-07-14,3.289761781692505,3.289761781692505,3.2019047229256654,3.240952304599816,1672465
2025-07-15,3.240952253341675,3.299523857668492,3.240952253341675,3.289761729662404,5128586
2025-07-16,3.3092856407165527,3.3190475356496782,3.2409521434427417,3.2507140383758673,1376743
2025-07-17,3.3092856407165527,3.338571325515929,3.279999723175243,3.3092856407165527,910876
2025-07-21,3.319047689437866,3.3776190617505244,3.289761770539592,3.319047689437866,1077268
2025-07-22,3.338571310043335,3.348333204931219,3.2995237304917997,3.348333204931219,809959
2025-07-23,3.338571310043335,3.3678569947069867,3.2604759181983316,3.3190475202675676,1274128
2025-07-24,3.338571310043335,3.3678569947069867,3.2799997079740995,3.3678569947069867,377027
2025-07-28,3.3092856407165527,3.3678570103153045,3.3092856407165527,3.3678570103153045,572348
2025-07-29,3.319047689437866,3.3580952709796383,3.29952389866698,3.3580952709796383,614518
2025-07-30,3.3483333587646484,3.367857149437403,3.2995238820827613,3.2995238820827613,966755
2025-07-31,3.338571310043335,3.3678569947069867,3.2995237304917997,3.348333204931219,977601
2025-08-04,3.2799997329711914,3.309285650599966,3.260475943046632,3.2799997329711914,713985
2025-08-05,3.289761781692505,3.338571491527139,3.2214285137627408,3.2214285137627408,1079071
2025-08-06,3.270237922668457,3.3092857362703763,3.2604760274534623,3.3092857362703763,1878369
2025-08-07,3.2799997329711914,3.309285650599966,3.270237838008912,3.309285650599966,1706215
2025-08-11,3.3499999046325684,3.380000114440918,3.3399999141693115,3.3499999046325684,5013309
2025-08-12,3.3399999141693115,3.369999885559082,3.3299999237060547,3.3499999046325684,295727
2025-08-13,3.3499999046325684,3.369999885559082,3.319999933242798,3.369999885559082,150563
2025-08-14,3.309999942779541,3.3499999046325684,3.299999952316284,3.3299999237060547,622034
2025-08-18,3.309999942779541,3.3499999046325684,3.309999942779541,3.3499999046325684,55511
2025-08-19,3.3299999237060547,3.359999895095825,3.2899999618530273,3.3399999141693115,332304
2025-08-20,3.299999952316284,3.3499999046325684,3.299999952316284,3.3299999237060547,155432
2025-08-21,3.299999952316284,3.3499999046325684,3.2799999713897705,3.299999952316284,1139821
2025-08-25,3.3399999141693115,3.3499999046325684,3.299999952316284,3.299999952316284,766430
2025-08-26,3.3499999046325684,3.3499999046325684,3.319999933242798,3.3499999046325684,863974
2025-08-27,3.380000114440918,3.380000114440918,3.3499999046325684,3.3499999046325684,419968
2025-08-28,3.4100000858306885,3.4700000286102295,3.369999885559082,3.390000104904175,718153
2025-09-01,3.3399999141693115,3.359999895095825,3.3299999237060547,3.3499999046325684,394255
2025-09-02,3.3399999141693115,3.369999885559082,3.309999942779541,3.369999885559082,418389
2025-09-03,3.3499999046325684,3.3499999046325684,3.299999952316284,3.299999952316284,145697
2025-09-04,3.2899999618530273,3.319999933242798,3.2799999713897705,3.309999942779541,511341
2025-09-08,3.299999952316284,3.3299999237060547,3.259999990463257,3.2899999618530273,474617
2025-09-09,3.259999990463257,3.309999942779541,3.259999990463257,3.299999952316284,167373
2025-09-10,3.2699999809265137,3.2899999618530273,3.240000009536743,3.25,297936
2025-09-11,3.3499999046325684,3.3499999046325684,3.25,3.2699999809265137,308753
2025-09-15,3.4200000762939453,3.450000047683716,3.3399999141693115,3.3399999141693115,398697
2025-09-16,3.5,3.5399999618530273,3.380000114440918,3.380000114440918,2801865
2025-09-17,3.4100000858306885,3.5399999618530273,3.4100000858306885,3.5399999618530273,195776
2025-09-18,3.4600000381469727,3.5,3.4200000762939453,3.490000009536743,423711
2025-09-22,3.4600000381469727,3.4800000190734863,3.430000066757202,3.430000066757202,73996
2025-09-23,3.369999885559082,3.490000009536743,3.369999885559082,3.4600000381469727,214586
2025-09-24,3.3399999141693115,3.4600000381469727,3.309999942779541,3.4600000381469727,378891
2025-09-25,3.2899999618530273,3.380000114440918,3.25,3.3399999141693115,343474
2025-09-29,3.2899999618530273,3.319999933242798,3.259999990463257,3.2799999713897705,266130
2025-09-30,3.2300000190734863,3.299999952316284,3.200000047683716,3.299999952316284,548897
2025-10-01,3.2899999618530273,3.309999942779541,3.2300000190734863,3.2300000190734863,602635
2025-10-02,3.25,3.309999942779541,3.2300000190734863,3.299999952316284,309886
2025-10-06,3.2799999713897705,3.299999952316284,3.2699999809265137,3.2699999809265137,374737
2025-10-07,3.2899999618530273,3.299999952316284,2.9600000381469727,3.259999990463257,1089237
