time,symbol,open,high,low,close,volume
2024-06-11,IO/USDT,0.06,5.88,0.06,4.169,113784930.3
2024-06-12,IO/USDT,4.169,6.5,3.529,5.682,135477514.89
2024-06-13,IO/USDT,5.682,6.4,4.643,4.955,94052003.8
2024-06-14,IO/USDT,4.952,5.457,4.444,5.128,59262125.78
2024-06-15,IO/USDT,5.128,5.573,4.909,5.268,34467720.63
2024-06-16,IO/USDT,5.268,5.841,5.21,5.33,32185201.73
2024-06-17,IO/USDT,5.33,5.395,4.182,4.258,41588408.1
2024-06-18,IO/USDT,4.257,4.295,3.59,3.813,37564356.19
2024-06-19,IO/USDT,3.813,4.116,3.694,3.84,27106247.21
2024-06-20,IO/USDT,3.84,4.356,3.788,3.989,31407887.79
2024-06-21,IO/USDT,3.989,4.154,3.6,3.705,19875217.59
2024-06-22,IO/USDT,3.706,3.856,3.558,3.714,9963938.55
2024-06-23,IO/USDT,3.714,3.804,3.3,3.388,12386159.13
2024-06-24,IO/USDT,3.388,3.411,3.07,3.319,16101894.88
2024-06-25,IO/USDT,3.32,3.734,3.259,3.564,15418299.35
2024-06-26,IO/USDT,3.564,3.679,3.428,3.503,12248217.17
2024-06-27,IO/USDT,3.502,3.715,3.382,3.636,12410254.33
2024-06-28,IO/USDT,3.636,3.845,3.211,3.219,12649754.77
2024-06-29,IO/USDT,3.218,3.359,3.134,3.149,6013197.68
2024-06-30,IO/USDT,3.148,3.421,3.1,3.355,7722831.95
2024-07-01,IO/USDT,3.355,3.39,2.941,3.046,14049066.81
2024-07-02,IO/USDT,3.045,3.072,2.908,2.945,9436181.8
2024-07-03,IO/USDT,2.946,3.015,2.621,2.698,12823186.5
2024-07-04,IO/USDT,2.699,2.706,2.233,2.286,14711461.07
2024-07-05,IO/USDT,2.285,2.3,1.95,2.069,25214225.57
2024-07-06,IO/USDT,2.068,2.577,1.976,2.516,27247407.57
2024-07-07,IO/USDT,2.515,2.516,2.102,2.118,22915803.73
2024-07-08,IO/USDT,2.118,2.299,1.991,2.125,30269757.48
2024-07-09,IO/USDT,2.123,2.43,2.102,2.306,25854972.42
2024-07-10,IO/USDT,2.305,2.496,2.247,2.392,16775426.36
2024-07-11,IO/USDT,2.393,2.759,2.317,2.444,26983630.02
2024-07-12,IO/USDT,2.445,2.697,2.264,2.533,20096409.65
2024-07-13,IO/USDT,2.535,2.545,2.324,2.361,16316357.04
2024-07-14,IO/USDT,2.362,2.562,2.318,2.506,13032261.12
2024-07-15,IO/USDT,2.505,2.69,2.454,2.669,14086728.26
2024-07-16,IO/USDT,2.67,2.818,2.419,2.743,19889041.91
2024-07-17,IO/USDT,2.743,2.897,2.649,2.692,16701042.93
2024-07-18,IO/USDT,2.693,3.064,2.691,2.967,17148875.22
2024-07-19,IO/USDT,2.967,2.972,2.733,2.869,10724882.62
2024-07-20,IO/USDT,2.87,3.188,2.824,3.155,12394745.0
2024-07-21,IO/USDT,3.158,3.218,2.841,3.097,10232564.53
2024-07-22,IO/USDT,3.098,3.141,2.711,2.736,9514661.84
2024-07-23,IO/USDT,2.736,2.855,2.59,2.677,10165410.15
2024-07-24,IO/USDT,2.676,2.835,2.663,2.728,5487786.8
2024-07-25,IO/USDT,2.728,2.74,2.489,2.66,7442468.82
2024-07-26,IO/USDT,2.661,3.026,2.652,2.989,8232428.68
2024-07-27,IO/USDT,2.989,3.04,2.823,2.941,5232256.6
2024-07-28,IO/USDT,2.941,3.119,2.845,2.895,7099780.58
2024-07-29,IO/USDT,2.896,3.13,2.737,2.738,9281236.77
2024-07-30,IO/USDT,2.737,2.815,2.526,2.541,5891505.68
2024-07-31,IO/USDT,2.54,2.64,2.42,2.425,7010081.58
2024-08-01,IO/USDT,2.424,2.475,2.071,2.23,13981201.6
2024-08-02,IO/USDT,2.23,2.258,2.002,2.011,12246734.05
2024-08-03,IO/USDT,2.012,2.09,1.767,1.804,11756376.47
2024-08-04,IO/USDT,1.804,1.87,1.605,1.696,13280464.39
2024-08-05,IO/USDT,1.697,1.726,1.3,1.5,36763452.24
2024-08-06,IO/USDT,1.501,1.789,1.498,1.7,12961096.38
2024-08-07,IO/USDT,1.699,1.94,1.56,1.581,30906091.7
2024-08-08,IO/USDT,1.58,1.96,1.538,1.908,13864211.91
2024-08-09,IO/USDT,1.907,1.908,1.644,1.669,13242214.7
2024-08-10,IO/USDT,1.67,1.745,1.632,1.696,10424953.87
2024-08-11,IO/USDT,1.696,1.741,1.48,1.489,13458156.4
2024-08-12,IO/USDT,1.489,1.651,1.465,1.623,15858823.21
2024-08-13,IO/USDT,1.624,1.76,1.549,1.667,13520217.25
2024-08-14,IO/USDT,1.666,1.743,1.624,1.66,11934426.92
2024-08-15,IO/USDT,1.66,1.821,1.55,1.574,15077286.09
2024-08-16,IO/USDT,1.574,1.716,1.558,1.692,11722926.37
2024-08-17,IO/USDT,1.692,1.91,1.625,1.748,17818461.73
2024-08-18,IO/USDT,1.747,1.8,1.672,1.724,13682234.33
2024-08-19,IO/USDT,1.724,1.735,1.628,1.728,9973416.64
2024-08-20,IO/USDT,1.728,1.758,1.62,1.664,7747844.95
2024-08-21,IO/USDT,1.664,1.699,1.552,1.683,9829882.85
2024-08-22,IO/USDT,1.683,2.036,1.669,2.014,32400486.51
2024-08-23,IO/USDT,2.013,2.284,1.971,2.264,22337364.49
2024-08-24,IO/USDT,2.265,2.556,2.224,2.314,18560465.06
2024-08-25,IO/USDT,2.314,2.42,2.151,2.308,12928538.12
2024-08-26,IO/USDT,2.309,2.335,2.088,2.157,9373721.57
2024-08-27,IO/USDT,2.157,2.27,1.94,1.97,11440312.96
2024-08-28,IO/USDT,1.971,2.005,1.7,1.742,16784083.85
2024-08-29,IO/USDT,1.742,1.781,1.585,1.636,13908468.32
2024-08-30,IO/USDT,1.636,1.647,1.473,1.578,10461319.04
2024-08-31,IO/USDT,1.577,1.587,1.435,1.474,6631678.64
2024-09-01,IO/USDT,1.474,1.498,1.391,1.397,8836054.73
2024-09-02,IO/USDT,1.396,1.492,1.367,1.462,12023461.2
2024-09-03,IO/USDT,1.462,1.554,1.422,1.432,16197489.52
2024-09-04,IO/USDT,1.432,1.563,1.361,1.5,15578019.12
2024-09-05,IO/USDT,1.501,1.562,1.465,1.472,10062637.2
2024-09-06,IO/USDT,1.472,1.615,1.413,1.5,14930192.0
2024-09-07,IO/USDT,1.5,1.591,1.489,1.568,8038381.04
2024-09-08,IO/USDT,1.569,1.664,1.563,1.615,8393405.38
2024-09-09,IO/USDT,1.616,1.699,1.553,1.645,10605275.4
2024-09-10,IO/USDT,1.646,1.7,1.611,1.675,6810772.1
2024-09-11,IO/USDT,1.676,1.679,1.558,1.599,8876412.49
2024-09-12,IO/USDT,1.599,1.718,1.599,1.701,8413537.94
2024-09-13,IO/USDT,1.701,1.857,1.688,1.852,14217559.2
2024-09-14,IO/USDT,1.853,1.862,1.742,1.771,6715759.13
2024-09-15,IO/USDT,1.772,1.795,1.686,1.705,5900628.04
2024-09-16,IO/USDT,1.706,1.787,1.685,1.735,9627570.49
2024-09-17,IO/USDT,1.736,1.997,1.7,1.941,17693542.9
2024-09-18,IO/USDT,1.942,2.099,1.799,2.08,18192778.72
2024-09-19,IO/USDT,2.083,2.215,1.992,2.115,14206092.49
2024-09-20,IO/USDT,2.116,2.217,1.934,1.977,16265676.9
2024-09-21,IO/USDT,1.977,2.061,1.847,2.038,10585476.01
2024-09-22,IO/USDT,2.038,2.118,1.894,1.978,10854365.77
2024-09-23,IO/USDT,1.979,2.258,1.925,2.152,16986432.94
2024-09-24,IO/USDT,2.153,2.23,2.05,2.166,10452627.2
2024-09-25,IO/USDT,2.166,2.248,2.085,2.101,12605056.4
2024-09-26,IO/USDT,2.102,2.28,2.007,2.268,15757665.12
2024-09-27,IO/USDT,2.267,2.32,2.19,2.251,10067141.63
2024-09-28,IO/USDT,2.253,2.33,2.032,2.105,9127122.8
2024-09-29,IO/USDT,2.107,2.271,2.004,2.214,10819859.4
2024-09-30,IO/USDT,2.215,2.234,1.954,1.972,12577037.81
2024-10-01,IO/USDT,1.971,2.14,1.616,1.715,26617338.81
2024-10-02,IO/USDT,1.714,1.863,1.637,1.707,15082124.9
2024-10-03,IO/USDT,1.707,1.761,1.601,1.66,10465506.41
2024-10-04,IO/USDT,1.659,1.8,1.641,1.772,8643240.74
2024-10-05,IO/USDT,1.772,1.839,1.71,1.771,5334794.65
2024-10-06,IO/USDT,1.771,1.841,1.729,1.838,6123249.41
2024-10-07,IO/USDT,1.838,1.997,1.82,1.885,11606023.64
2024-10-08,IO/USDT,1.886,1.94,1.785,1.849,13973131.62
2024-10-09,IO/USDT,1.849,1.952,1.737,1.769,9121230.43
2024-10-10,IO/USDT,1.768,1.8,1.636,1.716,8478807.9
2024-10-11,IO/USDT,1.715,1.925,1.706,1.899,11039587.36
2024-10-12,IO/USDT,1.899,1.98,1.859,1.907,7559384.44
2024-10-13,IO/USDT,1.907,1.922,1.813,1.884,6073889.22
2024-10-14,IO/USDT,1.885,2.106,1.854,2.075,12489190.78
2024-10-15,IO/USDT,2.075,2.198,1.936,2.03,17859380.45
2024-10-16,IO/USDT,2.031,2.033,1.873,1.893,7616743.12
2024-10-17,IO/USDT,1.894,1.923,1.761,1.808,6433056.15
2024-10-18,IO/USDT,1.807,1.935,1.803,1.892,6457297.32
2024-10-19,IO/USDT,1.892,1.92,1.796,1.854,5207900.07
2024-10-20,IO/USDT,1.856,1.983,1.81,1.963,7411284.86
2024-10-21,IO/USDT,1.965,2.013,1.842,1.855,6092896.43
2024-10-22,IO/USDT,1.855,1.928,1.807,1.899,6212995.89
2024-10-23,IO/USDT,1.899,1.904,1.743,1.83,5743015.56
2024-10-24,IO/USDT,1.831,2.064,1.819,1.935,12661536.14
2024-10-25,IO/USDT,1.936,2.0,1.602,1.702,15486907.03
2024-10-26,IO/USDT,1.702,1.742,1.646,1.715,8684871.52
2024-10-27,IO/USDT,1.716,1.822,1.705,1.761,9379555.06
2024-10-28,IO/USDT,1.761,1.788,1.585,1.75,12112172.41
2024-10-29,IO/USDT,1.752,1.849,1.731,1.829,9694943.63
2024-10-30,IO/USDT,1.829,1.835,1.733,1.752,6289373.13
2024-10-31,IO/USDT,1.751,1.76,1.611,1.637,6495029.33
2024-11-01,IO/USDT,1.637,1.667,1.55,1.588,6702621.4
2024-11-02,IO/USDT,1.589,1.609,1.515,1.546,3723409.78
2024-11-03,IO/USDT,1.547,1.559,1.417,1.508,6947395.68
2024-11-04,IO/USDT,1.507,1.544,1.415,1.466,5797696.61
2024-11-05,IO/USDT,1.467,1.586,1.465,1.551,5199712.82
2024-11-06,IO/USDT,1.552,1.922,1.552,1.881,15101116.08
2024-11-07,IO/USDT,1.88,1.98,1.811,1.921,9795193.3
2024-11-08,IO/USDT,1.922,2.069,1.864,1.977,10685938.05
2024-11-09,IO/USDT,1.978,2.064,1.926,2.028,7814294.08
2024-11-10,IO/USDT,2.03,2.149,1.921,2.025,16887841.05
2024-11-11,IO/USDT,2.026,2.83,2.009,2.641,45232670.0
2024-11-12,IO/USDT,2.64,2.746,2.262,2.462,26937032.08
2024-11-13,IO/USDT,2.462,2.531,2.134,2.23,24477089.66
2024-11-14,IO/USDT,2.23,2.388,2.133,2.24,18960819.49
2024-11-15,IO/USDT,2.24,2.391,2.106,2.338,17183527.12
2024-11-16,IO/USDT,2.339,2.513,2.243,2.431,12563412.52
2024-11-17,IO/USDT,2.43,2.47,2.223,2.269,10971380.83
2024-11-18,IO/USDT,2.27,2.554,2.208,2.386,16377959.75
2024-11-19,IO/USDT,2.387,2.41,2.223,2.391,10966663.1
2024-11-20,IO/USDT,2.39,2.51,2.281,2.41,19552081.8
2024-11-21,IO/USDT,2.411,2.643,2.17,2.619,21279386.44
2024-11-22,IO/USDT,2.619,2.663,2.391,2.489,10414680.9
2024-11-23,IO/USDT,2.489,2.771,2.464,2.718,12916406.78
2024-11-24,IO/USDT,2.719,2.797,2.428,2.757,12991212.55
2024-11-25,IO/USDT,2.758,2.904,2.604,2.7,14180184.55
2024-11-26,IO/USDT,2.7,2.807,2.396,2.519,13774503.87
2024-11-27,IO/USDT,2.519,2.88,2.478,2.862,11703367.1
2024-11-28,IO/USDT,2.866,3.133,2.816,3.038,17335990.61
2024-11-29,IO/USDT,3.038,3.143,2.95,3.021,9227306.19
2024-11-30,IO/USDT,3.022,3.503,2.992,3.466,14027503.93
2024-12-01,IO/USDT,3.466,3.474,3.229,3.326,11409745.08
2024-12-02,IO/USDT,3.326,3.442,3.033,3.44,15375918.94
2024-12-03,IO/USDT,3.442,3.622,3.121,3.462,15314788.28
2024-12-04,IO/USDT,3.462,3.535,3.299,3.371,10321681.91
2024-12-05,IO/USDT,3.37,3.477,3.11,3.278,17586580.69
2024-12-06,IO/USDT,3.28,3.652,3.235,3.567,15789030.84
2024-12-07,IO/USDT,3.567,3.761,3.547,3.627,8893941.81
2024-12-08,IO/USDT,3.627,3.712,3.501,3.602,5184995.68
2024-12-09,IO/USDT,3.603,3.604,2.6,3.089,15808245.67
2024-12-10,IO/USDT,3.088,3.577,2.835,3.495,24192179.79
2024-12-11,IO/USDT,3.496,4.228,3.263,4.044,27361473.02
2024-12-12,IO/USDT,4.044,4.777,4.004,4.191,23581484.2
2024-12-13,IO/USDT,4.192,4.42,4.053,4.225,12205493.58
2024-12-14,IO/USDT,4.227,4.296,3.938,4.015,7645738.7
2024-12-15,IO/USDT,4.015,4.26,3.877,4.088,7188217.75
2024-12-16,IO/USDT,4.09,4.215,3.788,3.844,8809205.83
2024-12-17,IO/USDT,3.844,3.887,3.613,3.669,6916805.94
2024-12-18,IO/USDT,3.67,3.701,3.304,3.42,9538427.58
2024-12-19,IO/USDT,3.42,3.706,3.203,3.556,19200015.45
2024-12-20,IO/USDT,3.555,3.659,2.675,3.107,31491411.87
2024-12-21,IO/USDT,3.107,3.27,2.735,2.815,15603608.3
2024-12-22,IO/USDT,2.817,3.077,2.795,2.884,11757115.44
2024-12-23,IO/USDT,2.882,3.13,2.804,3.073,9421392.16
2024-12-24,IO/USDT,3.073,3.273,2.964,3.199,7045503.84
2024-12-25,IO/USDT,3.199,3.208,3.02,3.064,4068307.67
2024-12-26,IO/USDT,3.065,3.108,2.811,2.851,5958113.5
2024-12-27,IO/USDT,2.852,3.084,2.832,2.973,6733136.84
2024-12-28,IO/USDT,2.974,3.032,2.844,3.001,4538092.72
2024-12-29,IO/USDT,3.002,3.01,2.774,2.801,3343903.49
2024-12-30,IO/USDT,2.802,2.944,2.705,2.821,6078105.09
2024-12-31,IO/USDT,2.822,3.036,2.715,2.918,7071587.1
2025-01-01,IO/USDT,2.918,3.031,2.824,3.025,3832804.94
2025-01-02,IO/USDT,3.025,3.569,2.995,3.545,11845905.05
2025-01-03,IO/USDT,3.546,3.755,3.354,3.719,7744826.68
2025-01-04,IO/USDT,3.717,3.762,3.571,3.7,5111103.85
2025-01-05,IO/USDT,3.702,4.072,3.609,3.911,6800750.8
2025-01-06,IO/USDT,3.912,4.047,3.749,3.787,6598629.32
2025-01-07,IO/USDT,3.786,3.797,3.337,3.379,7842107.6
2025-01-08,IO/USDT,3.377,3.442,2.99,3.136,10934455.91
2025-01-09,IO/USDT,3.135,3.176,2.908,3.005,8520922.58
2025-01-10,IO/USDT,3.006,3.267,2.991,3.116,9422970.48
2025-01-11,IO/USDT,3.115,3.128,2.945,3.008,4552907.69
2025-01-12,IO/USDT,3.008,3.098,2.907,2.989,4210042.42
2025-01-13,IO/USDT,2.989,3.069,2.598,2.869,14728089.85
2025-01-14,IO/USDT,2.87,2.982,2.844,2.953,6372205.99
2025-01-15,IO/USDT,2.953,3.355,2.836,3.342,9878789.51
2025-01-16,IO/USDT,3.342,3.428,3.192,3.32,8426551.97
2025-01-17,IO/USDT,3.322,3.583,3.322,3.547,5753836.1
2025-01-18,IO/USDT,3.549,3.664,3.216,3.273,8748811.35
2025-01-19,IO/USDT,3.271,3.375,2.838,2.917,14156194.32
2025-01-20,IO/USDT,2.917,3.24,2.809,2.937,15544990.61
2025-01-21,IO/USDT,2.938,3.142,2.769,3.031,9276057.38
2025-01-22,IO/USDT,3.03,3.159,2.972,2.992,7771611.68
2025-01-23,IO/USDT,2.991,3.234,2.847,3.176,10260420.61
2025-01-24,IO/USDT,3.176,3.272,3.024,3.071,8903516.54
2025-01-25,IO/USDT,3.071,3.222,2.977,3.155,7083563.67
2025-01-26,IO/USDT,3.155,3.21,3.001,3.004,5032165.09
2025-01-27,IO/USDT,3.004,3.029,2.689,2.925,12573530.05
2025-01-28,IO/USDT,2.925,3.133,2.714,2.752,8373470.62
2025-01-29,IO/USDT,2.751,2.918,2.538,2.69,11436673.02
2025-01-30,IO/USDT,2.689,2.818,2.628,2.63,7373746.22
2025-01-31,IO/USDT,2.63,2.785,2.555,2.586,8407289.89
2025-02-01,IO/USDT,2.586,2.643,1.85,1.913,22042201.12
2025-02-02,IO/USDT,1.914,1.955,1.559,1.679,42695918.55
2025-02-03,IO/USDT,1.68,1.765,1.21,1.732,43363545.74
2025-02-04,IO/USDT,1.732,1.745,1.465,1.552,18799774.15
2025-02-05,IO/USDT,1.554,1.574,1.412,1.431,9748770.37
2025-02-06,IO/USDT,1.43,1.463,1.317,1.342,11453627.4
2025-02-07,IO/USDT,1.343,1.519,1.313,1.371,13668716.56
2025-02-08,IO/USDT,1.371,1.454,1.326,1.423,7801541.52
2025-02-09,IO/USDT,1.422,1.447,1.245,1.324,7777157.01
2025-02-10,IO/USDT,1.324,1.5,1.283,1.424,12435057.56
2025-02-11,IO/USDT,1.424,1.553,1.351,1.388,10269707.08
2025-02-12,IO/USDT,1.388,1.473,1.301,1.45,11570027.16
2025-02-13,IO/USDT,1.451,1.486,1.357,1.445,14166722.4
2025-02-14,IO/USDT,1.446,1.533,1.429,1.47,12901180.88
2025-02-15,IO/USDT,1.47,1.547,1.438,1.46,10405999.35
2025-02-16,IO/USDT,1.458,1.459,1.392,1.434,9109273.97
2025-02-17,IO/USDT,1.434,1.491,1.352,1.395,10286560.15
2025-02-18,IO/USDT,1.395,1.4,1.207,1.29,9866867.53
2025-02-19,IO/USDT,1.29,1.36,1.245,1.318,8896266.36
2025-02-20,IO/USDT,1.318,1.458,1.312,1.434,9293177.65
2025-02-21,IO/USDT,1.435,1.527,1.326,1.362,13314344.05
2025-02-22,IO/USDT,1.363,1.441,1.351,1.419,4563533.78
2025-02-23,IO/USDT,1.42,1.432,1.359,1.403,3706924.88
2025-02-24,IO/USDT,1.404,1.422,1.161,1.18,9441722.18
2025-02-25,IO/USDT,1.179,1.232,1.062,1.211,18706739.13
2025-02-26,IO/USDT,1.212,1.254,1.154,1.238,11078393.55
2025-02-27,IO/USDT,1.239,1.299,1.199,1.234,7013626.8
2025-02-28,IO/USDT,1.235,1.258,1.116,1.241,16836026.99
2025-03-01,IO/USDT,1.242,1.259,1.177,1.218,4094927.86
2025-03-02,IO/USDT,1.217,1.395,1.176,1.387,11644852.4
2025-03-03,IO/USDT,1.387,1.392,1.117,1.137,10798648.35
2025-03-04,IO/USDT,1.137,1.155,0.971,1.062,17905560.07
2025-03-05,IO/USDT,1.061,1.104,1.028,1.068,8670040.77
2025-03-06,IO/USDT,1.069,1.102,1.017,1.034,7255635.76
2025-03-07,IO/USDT,1.034,1.054,0.951,0.981,11092563.29
2025-03-08,IO/USDT,0.98,1.001,0.928,0.942,4728437.69
2025-03-09,IO/USDT,0.942,0.949,0.793,0.808,9781324.32
2025-03-10,IO/USDT,0.809,0.869,0.718,0.738,15687494.65
2025-03-11,IO/USDT,0.739,0.814,0.678,0.781,20553008.15
2025-03-12,IO/USDT,0.781,0.832,0.752,0.817,10998953.32
2025-03-13,IO/USDT,0.817,0.831,0.77,0.797,8717841.92
2025-03-14,IO/USDT,0.797,0.85,0.794,0.824,6372122.25
2025-03-15,IO/USDT,0.825,0.897,0.819,0.874,9389632.49
2025-03-16,IO/USDT,0.874,0.89,0.805,0.819,8077601.59
2025-03-17,IO/USDT,0.818,0.858,0.809,0.838,8500692.16
2025-03-18,IO/USDT,0.838,0.843,0.772,0.816,7519690.6
2025-03-19,IO/USDT,0.816,0.869,0.809,0.868,7545761.12
2025-03-20,IO/USDT,0.868,0.874,0.81,0.821,6142307.76
2025-03-21,IO/USDT,0.821,0.834,0.786,0.799,5286855.16
2025-03-22,IO/USDT,0.799,0.845,0.792,0.828,3606935.58
2025-03-23,IO/USDT,0.828,0.864,0.812,0.839,4987910.6
2025-03-24,IO/USDT,0.838,0.943,0.826,0.922,13880694.52
2025-03-25,IO/USDT,0.922,0.939,0.89,0.918,7294658.39
2025-03-26,IO/USDT,0.918,0.951,0.867,0.881,6852869.3
2025-03-27,IO/USDT,0.882,0.917,0.871,0.907,4276324.67
2025-03-28,IO/USDT,0.906,0.919,0.798,0.817,7480397.39
2025-03-29,IO/USDT,0.818,0.83,0.732,0.75,6987979.9
2025-03-30,IO/USDT,0.75,0.779,0.733,0.747,5286185.83
2025-03-31,IO/USDT,0.747,0.758,0.713,0.73,5947192.3
2025-04-01,IO/USDT,0.729,0.772,0.72,0.733,5274759.73
2025-04-02,IO/USDT,0.734,0.734,0.639,0.649,10133715.3
2025-04-03,IO/USDT,0.648,0.676,0.602,0.644,9099642.01
2025-04-04,IO/USDT,0.644,0.654,0.612,0.639,6760593.51
2025-04-05,IO/USDT,0.639,0.652,0.622,0.634,2519859.85
2025-04-06,IO/USDT,0.633,0.633,0.531,0.551,9347660.36
2025-04-07,IO/USDT,0.551,0.609,0.513,0.582,20466392.37
2025-04-08,IO/USDT,0.582,0.6,0.532,0.538,9479223.71
2025-04-09,IO/USDT,0.539,0.641,0.513,0.631,14709085.75
2025-04-10,IO/USDT,0.632,0.632,0.57,0.593,8369209.7
2025-04-11,IO/USDT,0.592,0.619,0.587,0.607,7518248.46
2025-04-12,IO/USDT,0.607,0.637,0.596,0.632,6010312.18
2025-04-13,IO/USDT,0.632,0.644,0.58,0.593,7439682.43
2025-04-14,IO/USDT,0.593,0.625,0.581,0.597,8868803.72
2025-04-15,IO/USDT,0.598,0.621,0.573,0.576,7251085.96
2025-04-16,IO/USDT,0.576,0.585,0.542,0.568,13299882.06
2025-04-17,IO/USDT,0.569,0.616,0.558,0.608,10480668.89
2025-04-18,IO/USDT,0.608,0.623,0.593,0.606,8914387.39
2025-04-19,IO/USDT,0.606,0.651,0.602,0.644,5612895.18
2025-04-20,IO/USDT,0.644,0.67,0.636,0.653,10647187.59
2025-04-21,IO/USDT,0.652,0.681,0.639,0.644,9330680.98
2025-04-22,IO/USDT,0.644,0.732,0.626,0.729,10835609.34
2025-04-23,IO/USDT,0.73,0.766,0.717,0.741,13601842.95
2025-04-24,IO/USDT,0.742,0.815,0.697,0.809,15884116.06
2025-04-25,IO/USDT,0.81,0.882,0.799,0.83,12658809.9
2025-04-26,IO/USDT,0.83,0.92,0.83,0.885,11576430.44
2025-04-27,IO/USDT,0.884,0.885,0.793,0.796,9858212.46
2025-04-28,IO/USDT,0.797,0.86,0.768,0.838,9134657.44
2025-04-29,IO/USDT,0.839,0.86,0.779,0.788,7966834.28
2025-04-30,IO/USDT,0.788,0.811,0.747,0.806,7999248.06
2025-05-01,IO/USDT,0.806,0.879,0.786,0.849,10889880.47
2025-05-02,IO/USDT,0.849,0.869,0.815,0.82,6138840.26
2025-05-03,IO/USDT,0.821,0.822,0.75,0.751,7290904.52
2025-05-04,IO/USDT,0.752,0.76,0.702,0.717,6759764.33
2025-05-05,IO/USDT,0.717,0.745,0.7,0.717,7808406.19
2025-05-06,IO/USDT,0.717,0.733,0.672,0.706,8785456.18
2025-05-07,IO/USDT,0.706,0.738,0.701,0.725,7658604.72
2025-05-08,IO/USDT,0.726,1.2,0.725,0.922,68963635.77
2025-05-09,IO/USDT,0.921,1.055,0.897,1.038,22665034.67
2025-05-10,IO/USDT,1.038,1.09,0.985,1.088,11490912.03
2025-05-11,IO/USDT,1.087,1.091,0.983,1.038,9856380.93
2025-05-12,IO/USDT,1.038,1.124,0.981,1.03,15180284.89
2025-05-13,IO/USDT,1.03,1.21,0.959,1.174,18491425.97
2025-05-14,IO/USDT,1.174,1.197,1.062,1.086,11400553.04
2025-05-15,IO/USDT,1.087,1.094,0.978,1.003,8837805.04
2025-05-16,IO/USDT,1.003,1.026,0.949,0.96,5609764.67
2025-05-17,IO/USDT,0.96,0.964,0.902,0.927,4782790.52
2025-05-18,IO/USDT,0.926,1.039,0.923,1.014,7482337.98
2025-05-19,IO/USDT,1.015,1.02,0.91,0.974,6598246.19
2025-05-20,IO/USDT,0.974,1.012,0.922,0.981,6619112.15
2025-05-21,IO/USDT,0.98,1.046,0.962,1.01,9414209.01
2025-05-22,IO/USDT,1.011,1.189,1.009,1.155,11481103.12
2025-05-23,IO/USDT,1.156,1.176,0.974,0.984,13224135.23
2025-05-24,IO/USDT,0.984,1.026,0.963,0.971,5235543.25
2025-05-25,IO/USDT,0.97,0.993,0.895,0.986,7361774.91
2025-05-26,IO/USDT,0.987,1.062,0.964,0.979,7542481.02
2025-05-27,IO/USDT,0.979,1.034,0.942,1.006,7604420.36
2025-05-28,IO/USDT,1.005,1.035,0.922,0.984,8335720.93
2025-05-29,IO/USDT,0.983,1.02,0.924,0.939,7061230.84
2025-05-30,IO/USDT,0.938,0.942,0.803,0.812,11316984.98
2025-05-31,IO/USDT,0.813,0.834,0.768,0.822,7667821.34
2025-06-01,IO/USDT,0.822,0.847,0.79,0.84,3782814.76
2025-06-02,IO/USDT,0.84,0.861,0.79,0.843,5765170.24
2025-06-03,IO/USDT,0.844,0.871,0.82,0.832,5395173.54
2025-06-04,IO/USDT,0.833,0.851,0.782,0.789,5507120.18
2025-06-05,IO/USDT,0.789,0.802,0.71,0.729,7649054.43
2025-06-06,IO/USDT,0.73,0.761,0.721,0.723,5238619.41
2025-06-07,IO/USDT,0.723,0.793,0.72,0.772,4833351.61
2025-06-08,IO/USDT,0.772,0.782,0.753,0.762,4463430.75
2025-06-09,IO/USDT,0.762,0.817,0.746,0.814,4307703.09
2025-06-10,IO/USDT,0.815,0.846,0.795,0.845,7400347.46
2025-06-11,IO/USDT,0.845,0.847,0.789,0.8,6907190.38
2025-06-12,IO/USDT,0.799,0.799,0.712,0.719,7879173.2
2025-06-13,IO/USDT,0.718,0.718,0.657,0.698,11824205.89
2025-06-14,IO/USDT,0.698,0.699,0.653,0.672,5360368.06
2025-06-15,IO/USDT,0.672,0.686,0.656,0.674,4202158.06
2025-06-16,IO/USDT,0.673,0.728,0.661,0.689,8372250.42
2025-06-17,IO/USDT,0.689,0.714,0.663,0.707,15679200.95
2025-06-18,IO/USDT,0.708,0.768,0.67,0.738,25488688.67
2025-06-19,IO/USDT,0.738,0.76,0.691,0.703,7503259.32
2025-06-20,IO/USDT,0.703,0.731,0.65,0.673,9828887.69
2025-06-21,IO/USDT,0.673,0.69,0.607,0.636,8673033.23
2025-06-22,IO/USDT,0.637,0.675,0.572,0.608,12953722.47
2025-06-23,IO/USDT,0.607,0.707,0.603,0.7,13935148.64
2025-06-24,IO/USDT,0.701,0.725,0.69,0.704,9708267.74
2025-06-25,IO/USDT,0.704,0.715,0.68,0.695,11446823.99
2025-06-26,IO/USDT,0.695,0.73,0.648,0.656,10712824.66
2025-06-27,IO/USDT,0.656,0.698,0.647,0.689,5690893.81
2025-06-28,IO/USDT,0.689,0.721,0.675,0.715,3623745.65
2025-06-29,IO/USDT,0.715,0.767,0.696,0.757,5715771.7
2025-06-30,IO/USDT,0.757,0.757,0.7,0.709,6280934.94
2025-07-01,IO/USDT,0.709,0.718,0.672,0.679,4629361.75
2025-07-02,IO/USDT,0.679,0.752,0.668,0.738,5917434.8
2025-07-03,IO/USDT,0.738,0.766,0.726,0.742,5324893.27
2025-07-04,IO/USDT,0.742,0.744,0.678,0.687,4765328.64
2025-07-05,IO/USDT,0.687,0.697,0.664,0.679,3233390.61
2025-07-06,IO/USDT,0.679,0.709,0.671,0.692,3627974.63
2025-07-07,IO/USDT,0.692,0.702,0.661,0.669,3570468.18
2025-07-08,IO/USDT,0.668,0.688,0.66,0.687,3213204.89
2025-07-09,IO/USDT,0.687,0.744,0.678,0.739,7148071.22
2025-07-10,IO/USDT,0.739,0.832,0.729,0.823,8633332.19
2025-07-11,IO/USDT,0.823,0.864,0.787,0.801,15219139.21
2025-07-12,IO/USDT,0.802,0.81,0.75,0.786,6773440.23
2025-07-13,IO/USDT,0.786,0.829,0.782,0.8,6453529.4
2025-07-14,IO/USDT,0.8,0.847,0.779,0.812,8618661.52
2025-07-15,IO/USDT,0.811,0.83,0.766,0.828,9417412.58
2025-07-16,IO/USDT,0.829,0.842,0.803,0.823,8531912.58
2025-07-17,IO/USDT,0.824,0.862,0.794,0.829,11360224.74
2025-07-18,IO/USDT,0.829,0.874,0.783,0.802,12701259.72
2025-07-19,IO/USDT,0.802,0.821,0.773,0.81,6592150.35
2025-07-20,IO/USDT,0.81,0.871,0.804,0.844,8009966.2
2025-07-21,IO/USDT,0.844,0.89,0.824,0.858,12321114.9
2025-07-22,IO/USDT,0.857,0.876,0.792,0.847,16843999.11
2025-07-23,IO/USDT,0.846,0.847,0.722,0.745,11789621.98
2025-07-24,IO/USDT,0.744,0.756,0.692,0.715,11644442.35
2025-07-25,IO/USDT,0.716,0.723,0.683,0.716,11309456.56
2025-07-26,IO/USDT,0.717,0.721,0.704,0.707,4284125.56
2025-07-27,IO/USDT,0.707,0.752,0.704,0.742,7375462.57
2025-07-28,IO/USDT,0.741,0.76,0.688,0.694,7815800.83
2025-07-29,IO/USDT,0.695,0.717,0.663,0.684,10900471.79
2025-07-30,IO/USDT,0.684,0.687,0.629,0.66,9271942.78
2025-07-31,IO/USDT,0.66,0.681,0.605,0.609,9956666.43
2025-08-01,IO/USDT,0.608,0.612,0.571,0.586,12563699.07
2025-08-02,IO/USDT,0.585,0.607,0.561,0.575,6228140.22
2025-08-03,IO/USDT,0.574,0.598,0.566,0.591,2933421.16
2025-08-04,IO/USDT,0.591,0.606,0.577,0.603,9458395.96
2025-08-05,IO/USDT,0.604,0.606,0.535,0.555,9875475.7
2025-08-06,IO/USDT,0.554,0.563,0.537,0.552,6809077.0
2025-08-07,IO/USDT,0.553,0.607,0.547,0.605,9690943.74
2025-08-08,IO/USDT,0.605,0.63,0.596,0.615,10302147.08
2025-08-09,IO/USDT,0.615,0.662,0.612,0.647,7536668.64
2025-08-10,IO/USDT,0.647,0.668,0.62,0.657,7820825.64
2025-08-11,IO/USDT,0.657,0.671,0.593,0.598,9518405.13
2025-08-12,IO/USDT,0.599,0.705,0.587,0.687,18427903.33
2025-08-13,IO/USDT,0.687,0.722,0.674,0.689,15430322.41
2025-08-14,IO/USDT,0.688,0.713,0.6,0.617,15387511.54
2025-08-15,IO/USDT,0.617,0.641,0.598,0.612,8249978.86
2025-08-16,IO/USDT,0.613,0.634,0.607,0.631,3041361.29
2025-08-17,IO/USDT,0.631,0.656,0.62,0.631,4989587.33
2025-08-18,IO/USDT,0.631,0.631,0.59,0.6,7944462.4
2025-08-19,IO/USDT,0.6,0.611,0.583,0.591,1952985.35
